DepartmentCode	SourceMonth	ItemCode	Quantity	UnitPrice	SourceRowCount	SourceRefs	IsSynthesized
CBSX	1	VPP_E33C3FD2E20FAFA535A1C606	6	5200	1	CBSX!5	false
CBSX	1	VPP_620DAB8ECFE7336B86A971F8	96	3150	1	CBSX!6	false
CBSX	1	VPP_F619979572276FB062A5B165	12	6000	1	CBSX!7	false
CBSX	1	VPP_506033EA3026EE18CBC0A735	2	11200	1	CBSX!8	false
CBSX	1	VPP_2D5F01DA9DD63C4779AE3A74	4	15600	1	CBSX!9	false
CBSX	1	VPP_04711541D044B314488B2993	5	14100	1	CBSX!10	false
CBSX	1	VPP_3CCB77F4FA45DE6C8FC85518	3	18700	1	CBSX!17	false
CBSX	1	VPP_C1285C2AC013DD1B1C48AF94	3	18700	1	CBSX!19	false
CBSX	1	VPP_9743CEC7C70351023EE934C7	9	18700	1	CBSX!18	false
CBSX	1	VPP_63DB06C4AFC579D2541D75D1	10	10200	1	CBSX!12	false
CBSX	1	VPP_980FA2A1AAA8AF7B40E21F73	1	30100	1	CBSX!15	false
CBSX	1	VPP_1B1A221F74BCB87C1072F85A	2	53100	1	CBSX!11	false
CBSX	1	VPP_6D93CBDBF0B607859F57497B	5	30500	1	CBSX!26	false
CBSX	1	VPP_6A721030CDE5BD1BCD7B271F	15	3250	1	CBSX!13	false
CBSX	1	VPP_2E8036912C0C118193AE0FB3	4	2900	1	CBSX!29	false
CBSX	1	VPP_BF074043071874632B0F425A	5	7900	1	CBSX!24	false
CBSX	1	VPP_5177513D677876CCBF44A9FF	5	7900	1	CBSX!25	false
CBSX	1	VPP_083E862BFE14BEC171B5C9BC	5	7900	1	CBSX!23	false
CBSX	1	VPP_34C9874CADE6715AAB31D9AF	1	15000	1	CBSX!34	false
CBSX	1	VPP_6F683CBE5BC2FDCC86A7D56C	5	30500	1	CBSX!16	false
CBSX	1	VPP_00F146CF554F30BB71CF8BA9	15	55000	1	CBSX!14	false
CBSX	1	VPP_770AC9E281B5299841AF3C6D	1	71000	1	CBSX!33	false
CBSX	1	VPP_557F9A4DE587202A3AB5CB8F	1	85000	1	CBSX!36	false
CBSX	1	VPP_2E58A029C83C3164FF6DECE0	1	85000	1	CBSX!30	false
CBSX	1	VPP_692E8E8DA3B3F963D6DDFE77	1	25300	1	CBSX!35	false
CBSX	1	VPP_F2B06FA02ACA31A7B3E229DB	1	99500	1	CBSX!20	false
CBSX	1	VPP_BB71DB462583AD2E07C68C2E	1	298000	1	CBSX!21	false
CBSX	1	VPP_FD89FC1A92B93720EA31F213	2	45000	1	CBSX!22	false
CBSX	1	VPP_34A0F6C9589A524AFD58C9FE	5	29000	1	CBSX!28	false
CBSX	1	VPP_B50F2B25582F9B4C295B4D88	3	29500	1	CBSX!31	false
CBSX	1	VPP_5DF5205E1682ED55BCA1B136	4	15200	1	CBSX!32	false
CBSX	1	VPP_4AE8D6BC8A0D624966E63722	1	59200	1	CBSX!27	false
CBSX	2	VPP_E33C3FD2E20FAFA535A1C606	6	5200	1	CBSX!37	false
CBSX	2	VPP_620DAB8ECFE7336B86A971F8	72	3150	1	CBSX!38	false
CBSX	2	VPP_F619979572276FB062A5B165	8	6000	1	CBSX!39	false
CBSX	2	VPP_506033EA3026EE18CBC0A735	2	11200	1	CBSX!40	false
CBSX	2	VPP_2D5F01DA9DD63C4779AE3A74	4	15600	1	CBSX!41	false
CBSX	2	VPP_04711541D044B314488B2993	5	14100	1	CBSX!42	false
CBSX	2	VPP_3CCB77F4FA45DE6C8FC85518	2	18700	1	CBSX!49	false
CBSX	2	VPP_C1285C2AC013DD1B1C48AF94	2	18700	1	CBSX!51	false
CBSX	2	VPP_9743CEC7C70351023EE934C7	6	18700	1	CBSX!50	false
CBSX	2	VPP_63DB06C4AFC579D2541D75D1	10	10200	1	CBSX!44	false
CBSX	2	VPP_980FA2A1AAA8AF7B40E21F73	1	30100	1	CBSX!47	false
CBSX	2	VPP_1B1A221F74BCB87C1072F85A	1	53100	1	CBSX!43	false
CBSX	2	VPP_6A721030CDE5BD1BCD7B271F	20	3250	1	CBSX!45	false
CBSX	2	VPP_2E8036912C0C118193AE0FB3	4	2900	1	CBSX!61	false
CBSX	2	VPP_BF074043071874632B0F425A	5	7900	1	CBSX!56	false
CBSX	2	VPP_5177513D677876CCBF44A9FF	5	7900	1	CBSX!57	false
CBSX	2	VPP_083E862BFE14BEC171B5C9BC	5	7900	1	CBSX!55	false
CBSX	2	VPP_6F683CBE5BC2FDCC86A7D56C	5	30500	1	CBSX!48	false
CBSX	2	VPP_00F146CF554F30BB71CF8BA9	13	55000	1	CBSX!46	false
CBSX	2	VPP_AC3CEA66BA9F95DD2972F065	2	90000	1	CBSX!65	false
CBSX	2	VPP_692E8E8DA3B3F963D6DDFE77	1	25300	1	CBSX!62	false
CBSX	2	VPP_F2B06FA02ACA31A7B3E229DB	1	99500	1	CBSX!52	false
CBSX	2	VPP_BB71DB462583AD2E07C68C2E	1	298000	1	CBSX!53	false
CBSX	2	VPP_FD89FC1A92B93720EA31F213	2	45000	1	CBSX!54	false
CBSX	2	VPP_34A0F6C9589A524AFD58C9FE	3	29000	1	CBSX!60	false
CBSX	2	VPP_B50F2B25582F9B4C295B4D88	3	29500	1	CBSX!63	false
CBSX	2	VPP_5DF5205E1682ED55BCA1B136	4	15200	1	CBSX!64	false
CBSX	2	VPP_DDE80D716634560453AE7186	2	80000	1	CBSX!58	false
CBSX	2	VPP_4AE8D6BC8A0D624966E63722	2	59200	1	CBSX!59	false
CBSX	3	VPP_620DAB8ECFE7336B86A971F8	96	3150	1	CBSX!67	false
CBSX	3	VPP_F619979572276FB062A5B165	12	6000	1	CBSX!68	false
CBSX	3	VPP_506033EA3026EE18CBC0A735	2	11200	1	CBSX!69	false
CBSX	3	VPP_2D5F01DA9DD63C4779AE3A74	4	15600	1	CBSX!70	false
CBSX	3	VPP_04711541D044B314488B2993	5	14100	1	CBSX!71	false
CBSX	3	VPP_3CCB77F4FA45DE6C8FC85518	3	18700	1	CBSX!78	false
CBSX	3	VPP_C1285C2AC013DD1B1C48AF94	3	18700	1	CBSX!80	false
CBSX	3	VPP_9743CEC7C70351023EE934C7	9	18700	1	CBSX!79	false
CBSX	3	VPP_63DB06C4AFC579D2541D75D1	10	10200	1	CBSX!73	false
CBSX	3	VPP_1B1A221F74BCB87C1072F85A	2	53100	1	CBSX!72	false
CBSX	3	VPP_92CF692CC49E06B691976D0A	1	31000	1	CBSX!87	false
CBSX	3	VPP_4656D210C41D4A62F1C6DC04	1	45000	1	CBSX!91	false
CBSX	3	VPP_57741C38387602E8ED9CB12E	3	3250	1	CBSX!90	false
CBSX	3	VPP_DED50ACDCD723F5C78B696EF	3	3250	1	CBSX!95	false
CBSX	3	VPP_B4DF94CB1BA5A4DC0529CEEF	10	3250	1	CBSX!74	false
CBSX	3	VPP_1CAD0182C33B0C201E0E7789	2	6100	1	CBSX!94	false
CBSX	3	VPP_BF074043071874632B0F425A	5	7900	1	CBSX!85	false
CBSX	3	VPP_5177513D677876CCBF44A9FF	5	7900	1	CBSX!86	false
CBSX	3	VPP_083E862BFE14BEC171B5C9BC	5	7900	1	CBSX!84	false
CBSX	3	VPP_47C162C20BA3F03DF160D568	2	19500	1	CBSX!97	false
CBSX	3	VPP_6F683CBE5BC2FDCC86A7D56C	5	30500	1	CBSX!77	false
CBSX	3	VPP_3B784EE798436B362CE11D1F	1	12900	1	CBSX!76	false
CBSX	3	VPP_00F146CF554F30BB71CF8BA9	15	55000	1	CBSX!75	false
CBSX	3	VPP_3E1CF5FE8FE895C01C6F1EFD	8	31900	1	CBSX!66	false
CBSX	3	VPP_C93139806E5E6FA7B6108E20	2	15200	1	CBSX!98	false
CBSX	3	VPP_692E8E8DA3B3F963D6DDFE77	1	25300	1	CBSX!96	false
CBSX	3	VPP_F2B06FA02ACA31A7B3E229DB	1	99500	1	CBSX!81	false
CBSX	3	VPP_BB71DB462583AD2E07C68C2E	1	298000	1	CBSX!82	false
CBSX	3	VPP_FD89FC1A92B93720EA31F213	2	45000	1	CBSX!83	false
CBSX	3	VPP_34A0F6C9589A524AFD58C9FE	5	29000	1	CBSX!89	false
CBSX	3	VPP_B50F2B25582F9B4C295B4D88	3	29500	1	CBSX!92	false
CBSX	3	VPP_5DF5205E1682ED55BCA1B136	2	15200	1	CBSX!93	false
CBSX	3	VPP_4AE8D6BC8A0D624966E63722	2	59200	1	CBSX!88	false
CONGNGHEMAY	1	VPP_F639822CBB882D92AB85CB29	1	2650	1	CongNgheMay!16	false
CONGNGHEMAY	1	VPP_AC7C38A7F3DD7588B2E65F73	4	7800	1	CongNgheMay!17	false
CONGNGHEMAY	1	VPP_980FA2A1AAA8AF7B40E21F73	3	30100	1	CongNgheMay!14	false
CONGNGHEMAY	1	VPP_6A721030CDE5BD1BCD7B271F	5	3250	1	CongNgheMay!15	false
CONGNGHEMAY	1	VPP_B4DF94CB1BA5A4DC0529CEEF	5	3250	1	CongNgheMay!61	false
CONGNGHEMAY	1	VPP_6363BA3296FE3DABCA557288	5	4500	1	CongNgheMay!60	false
CONGNGHEMAY	1	VPP_9C3F67284F34AB3F87B61AE3	5	62500	1	CongNgheMay!64	false
CONGNGHEMAY	1	VPP_C93139806E5E6FA7B6108E20	3	15200	1	CongNgheMay!63	false
CONGNGHEMAY	1	VPP_B227921013D15697216EA500	7	12500	2	CongNgheMay!18;CongNgheMay!62	false
CONGNGHEMAY	2	VPP_AC7C38A7F3DD7588B2E65F73	4	7800	1	CongNgheMay!66	false
CONGNGHEMAY	2	VPP_B4DF94CB1BA5A4DC0529CEEF	5	3250	1	CongNgheMay!68	false
CONGNGHEMAY	2	VPP_2378835A8E5892DA7408BBB8	1	38000	1	CongNgheMay!67	false
CONGNGHEMAY	2	VPP_D5F6FF48E993F4A116E48604	1	38000	1	CongNgheMay!65	false
CONGNGHEMAY	3	VPP_B227921013D15697216EA500	5	12500	1	CongNgheMay!69	false
CONGNGHEMAY	4	VPP_DCE9C79306F0C3889C774921	1	195000	1	CongNgheMay!70	false
CONGNGHEMAY	5	VPP_303B96ABC54BA0C5A8978709	1	9600	1	CongNgheMay!24	false
CONGNGHEMAY	5	VPP_F6A97031A20B6DDE93B55997	1	11200	1	CongNgheMay!23	false
CONGNGHEMAY	5	VPP_AC7C38A7F3DD7588B2E65F73	4	7800	1	CongNgheMay!19	false
CONGNGHEMAY	5	VPP_F61B54D2E6C19B80A008F848	1	19900	1	CongNgheMay!22	false
CONGNGHEMAY	5	VPP_765BF462D72B2178C2042BD4	2	10600	1	CongNgheMay!25	false
CONGNGHEMAY	5	VPP_6363BA3296FE3DABCA557288	1	4500	1	CongNgheMay!26	false
CONGNGHEMAY	5	VPP_9C3F67284F34AB3F87B61AE3	6	62500	1	CongNgheMay!20	false
CONGNGHEMAY	5	VPP_ACF844D08217F0C73D37EA52	1	4600	1	CongNgheMay!27	false
CONGNGHEMAY	5	VPP_BF2FA0FDB478E8705772EE9E	1	55000	1	CongNgheMay!21	false
CONGNGHEMAY	6	VPP_B4DF94CB1BA5A4DC0529CEEF	5	3250	1	CongNgheMay!29	false
CONGNGHEMAY	6	VPP_0810C4338C72B0128750035E	1	11700	1	CongNgheMay!31	false
CONGNGHEMAY	6	VPP_2E8036912C0C118193AE0FB3	1	2900	1	CongNgheMay!32	false
CONGNGHEMAY	6	VPP_8A6004587DAB5F97101D2DAA	2	2950	1	CongNgheMay!30	false
CONGNGHEMAY	6	VPP_C93139806E5E6FA7B6108E20	1	15200	1	CongNgheMay!33	false
CONGNGHEMAY	6	VPP_B227921013D15697216EA500	7	12500	1	CongNgheMay!28	false
CONGNGHEMAY	7	VPP_303B96ABC54BA0C5A8978709	2	9600	1	CongNgheMay!39	false
CONGNGHEMAY	7	VPP_980FA2A1AAA8AF7B40E21F73	2	30100	1	CongNgheMay!34	false
CONGNGHEMAY	7	VPP_765BF462D72B2178C2042BD4	5	10600	1	CongNgheMay!35	false
CONGNGHEMAY	7	VPP_B4DF94CB1BA5A4DC0529CEEF	10	3250	1	CongNgheMay!37	false
CONGNGHEMAY	7	VPP_4BDD62C632862AF38A8DA267	1	98000	1	CongNgheMay!36	false
CONGNGHEMAY	7	VPP_49B85DC7CA1938D1BEE9C2FF	1	14500	1	CongNgheMay!38	false
CONGNGHEMAY	7	VPP_B227921013D15697216EA500	5	12500	1	CongNgheMay!40	false
CONGNGHEMAY	8	VPP_084AC8B1E31EB7C36524411F	2	31500	1	CongNgheMay!54	false
CONGNGHEMAY	8	VPP_AC7C38A7F3DD7588B2E65F73	2	7800	1	CongNgheMay!41	false
CONGNGHEMAY	8	VPP_2D5F01DA9DD63C4779AE3A74	2	15600	1	CongNgheMay!42	false
CONGNGHEMAY	8	VPP_57741C38387602E8ED9CB12E	2	3250	1	CongNgheMay!52	false
CONGNGHEMAY	8	VPP_6A721030CDE5BD1BCD7B271F	10	3250	1	CongNgheMay!56	false
CONGNGHEMAY	8	VPP_F57370A7282AFEA6EBC72314	1	6800	1	CongNgheMay!46	false
CONGNGHEMAY	8	VPP_48B228F0E3896B14789E6066	1	6800	1	CongNgheMay!45	false
CONGNGHEMAY	8	VPP_F1F10A0AA7C0162BC5C93F8F	2	2950	1	CongNgheMay!51	false
CONGNGHEMAY	8	VPP_6363BA3296FE3DABCA557288	2	4500	1	CongNgheMay!53	false
CONGNGHEMAY	8	VPP_2378835A8E5892DA7408BBB8	1	38000	1	CongNgheMay!48	false
CONGNGHEMAY	8	VPP_6ABCFFC7F9E022F298DE58BF	2	62000	1	CongNgheMay!49	false
CONGNGHEMAY	8	VPP_9C3F67284F34AB3F87B61AE3	2	62500	1	CongNgheMay!55	false
CONGNGHEMAY	8	VPP_C1D34AB5F87F89A871AC54FA	2	45000	1	CongNgheMay!47	false
CONGNGHEMAY	8	VPP_C93139806E5E6FA7B6108E20	4	15200	1	CongNgheMay!44	false
CONGNGHEMAY	8	VPP_692E8E8DA3B3F963D6DDFE77	1	25300	1	CongNgheMay!50	false
CONGNGHEMAY	8	VPP_BCC5BFC825A42ECB8383D35F	5	9900	1	CongNgheMay!43	false
CONGNGHEMAY	9	VPP_2E8036912C0C118193AE0FB3	2	2900	1	CongNgheMay!58	false
CONGNGHEMAY	9	VPP_E28FC4A10C0381542A669396	2	6800	1	CongNgheMay!59	false
CONGNGHEMAY	9	VPP_596B48C6DAA990732B950276	2	36500	1	CongNgheMay!57	false
CONGNGHEMAY	11	VPP_C6692384B8E584BE6CC92DB8	1	35000	1	CongNgheMay!7	false
CONGNGHEMAY	11	VPP_980FA2A1AAA8AF7B40E21F73	3	30100	1	CongNgheMay!6	false
CONGNGHEMAY	11	VPP_765BF462D72B2178C2042BD4	3	10600	1	CongNgheMay!8	false
CONGNGHEMAY	11	VPP_2E8036912C0C118193AE0FB3	2	2900	1	CongNgheMay!10	false
CONGNGHEMAY	11	VPP_C93139806E5E6FA7B6108E20	1	15200	1	CongNgheMay!9	false
CONGNGHEMAY	11	VPP_B227921013D15697216EA500	2	12500	1	CongNgheMay!11	false
CONGNGHEMAY	12	VPP_9C3F67284F34AB3F87B61AE3	8	62500	1	CongNgheMay!13	false
CONGNGHEMAY	12	VPP_B5E1E236B21409C182D08F3E	2	35000	1	CongNgheMay!12	false
CONGNGHEWASH	1	VPP_084AC8B1E31EB7C36524411F	1	31500	1	CongNgheWash!9	false
CONGNGHEWASH	1	VPP_E33C3FD2E20FAFA535A1C606	4	5200	1	CongNgheWash!6	false
CONGNGHEWASH	1	VPP_F619979572276FB062A5B165	5	6000	1	CongNgheWash!7	false
CONGNGHEWASH	1	VPP_2D5F01DA9DD63C4779AE3A74	8	15600	1	CongNgheWash!8	false
CONGNGHEWASH	1	VPP_F422D1BC1ACB3FD008FB431F	10	1100	1	CongNgheWash!27	false
CONGNGHEWASH	1	VPP_75676C47788B5D23C07478D9	2	18500	1	CongNgheWash!30	false
CONGNGHEWASH	1	VPP_B3ED6371C20A8E27E6E5CF90	4	24200	1	CongNgheWash!14	false
CONGNGHEWASH	1	VPP_1DD4788F9E75852A9B9F6FE0	10	2600	1	CongNgheWash!13	false
CONGNGHEWASH	1	VPP_C6692384B8E584BE6CC92DB8	2	35000	1	CongNgheWash!11	false
CONGNGHEWASH	1	VPP_2C07D5F1B341A4E48DCA8658	1	44000	1	CongNgheWash!12	false
CONGNGHEWASH	1	VPP_1B1A221F74BCB87C1072F85A	1	53100	1	CongNgheWash!10	false
CONGNGHEWASH	1	VPP_57741C38387602E8ED9CB12E	5	3250	1	CongNgheWash!18	false
CONGNGHEWASH	1	VPP_B4DF94CB1BA5A4DC0529CEEF	20	3250	1	CongNgheWash!17	false
CONGNGHEWASH	1	VPP_653AD43BB4A6338E70F9F0A3	1	11500	1	CongNgheWash!19	false
CONGNGHEWASH	1	VPP_CA46C829B605607CA69D00D8	1	6600	1	CongNgheWash!23	false
CONGNGHEWASH	1	VPP_31652BF5F2AFF0AE3F4DABD9	1	6600	1	CongNgheWash!22	false
CONGNGHEWASH	1	VPP_083E862BFE14BEC171B5C9BC	15	7900	1	CongNgheWash!20	false
CONGNGHEWASH	1	VPP_E18F602781ED69156EA49BFA	2	18300	1	CongNgheWash!21	false
CONGNGHEWASH	1	VPP_E6850E34B7F644A850302C0A	10	2850	1	CongNgheWash!26	false
CONGNGHEWASH	1	VPP_9C3F67284F34AB3F87B61AE3	4	62500	1	CongNgheWash!25	false
CONGNGHEWASH	1	VPP_FCAFD887359D2ABC41DD6CB2	3	30500	1	CongNgheWash!29	false
CONGNGHEWASH	1	VPP_B7BCF0A186AB015B1DC2F02A	2	12800	1	CongNgheWash!15	false
CONGNGHEWASH	1	VPP_BBBB58908D7F0D6E6F33AEF4	1	8400	1	CongNgheWash!16	false
CONGNGHEWASH	1	VPP_B50F2B25582F9B4C295B4D88	2	29500	1	CongNgheWash!28	false
CONGNGHEWASH	1	VPP_11BDDF473FFC1E508551C9F4	3	29500	1	CongNgheWash!24	false
CONGNGHEWASH	2	VPP_F639822CBB882D92AB85CB29	4	2650	1	CongNgheWash!31	false
CONGNGHEWASH	2	VPP_F619979572276FB062A5B165	5	6000	1	CongNgheWash!32	false
CONGNGHEWASH	2	VPP_2D5F01DA9DD63C4779AE3A74	5	15600	1	CongNgheWash!33	false
CONGNGHEWASH	2	VPP_C1285C2AC013DD1B1C48AF94	1	18700	1	CongNgheWash!52	false
CONGNGHEWASH	2	VPP_9743CEC7C70351023EE934C7	2	18700	1	CongNgheWash!51	false
CONGNGHEWASH	2	VPP_BBBCA4276156A7826127FF70	10	520	1	CongNgheWash!47	false
CONGNGHEWASH	2	VPP_E1359D67A50137B334D8A684	10	1800	1	CongNgheWash!46	false
CONGNGHEWASH	2	VPP_B3ED6371C20A8E27E6E5CF90	4	24200	1	CongNgheWash!35	false
CONGNGHEWASH	2	VPP_1B1A221F74BCB87C1072F85A	4	53100	1	CongNgheWash!34	false
CONGNGHEWASH	2	VPP_02DEFCD9EE3BFE6EF5B4BF9A	2	46000	1	CongNgheWash!56	false
CONGNGHEWASH	2	VPP_132A2BBE1F4260CA2EAB57C3	10	5200	1	CongNgheWash!38	false
CONGNGHEWASH	2	VPP_B4DF94CB1BA5A4DC0529CEEF	20	3250	1	CongNgheWash!37	false
CONGNGHEWASH	2	VPP_84E5A61FF505F7CE45F1C840	2	6600	1	CongNgheWash!39	false
CONGNGHEWASH	2	VPP_083E862BFE14BEC171B5C9BC	20	7900	1	CongNgheWash!40	false
CONGNGHEWASH	2	VPP_E18F602781ED69156EA49BFA	1	18300	1	CongNgheWash!41	false
CONGNGHEWASH	2	VPP_045CECCCBE6F4B8E040C549D	4	28500	1	CongNgheWash!50	false
CONGNGHEWASH	2	VPP_D461FD4A0E115F99D757287D	2	20400	1	CongNgheWash!49	false
CONGNGHEWASH	2	VPP_9C3F67284F34AB3F87B61AE3	8	62500	1	CongNgheWash!44	false
CONGNGHEWASH	2	VPP_B345DC72BD6A87306ED6EF11	2	6200	1	CongNgheWash!45	false
CONGNGHEWASH	2	VPP_FCAFD887359D2ABC41DD6CB2	3	30500	1	CongNgheWash!55	false
CONGNGHEWASH	2	VPP_C93139806E5E6FA7B6108E20	1	15200	1	CongNgheWash!36	false
CONGNGHEWASH	2	VPP_B50F2B25582F9B4C295B4D88	2	29500	1	CongNgheWash!48	false
CONGNGHEWASH	2	VPP_11BDDF473FFC1E508551C9F4	2	29500	1	CongNgheWash!42	false
CONGNGHEWASH	2	VPP_FEB6C14CDD19F732CDDECC14	4	17500	1	CongNgheWash!43	false
CONGNGHEWASH	2	VPP_08962588E0B8BD56C4AC5EA7	2	13500	1	CongNgheWash!54	false
CONGNGHEWASH	2	VPP_C1B702BB073DF7550DC827E3	2	39500	1	CongNgheWash!53	false
CONGNGHEWASH	3	VPP_2D5F01DA9DD63C4779AE3A74	5	15600	1	CongNgheWash!57	false
CONGNGHEWASH	3	VPP_9743CEC7C70351023EE934C7	2	18700	1	CongNgheWash!68	false
CONGNGHEWASH	3	VPP_BBBCA4276156A7826127FF70	10	520	1	CongNgheWash!65	false
CONGNGHEWASH	3	VPP_E1359D67A50137B334D8A684	10	1800	1	CongNgheWash!66	false
CONGNGHEWASH	3	VPP_B3ED6371C20A8E27E6E5CF90	4	24200	1	CongNgheWash!58	false
CONGNGHEWASH	3	VPP_132A2BBE1F4260CA2EAB57C3	10	5200	1	CongNgheWash!61	false
CONGNGHEWASH	3	VPP_B4DF94CB1BA5A4DC0529CEEF	20	3250	1	CongNgheWash!60	false
CONGNGHEWASH	3	VPP_083E862BFE14BEC171B5C9BC	10	7900	1	CongNgheWash!62	false
CONGNGHEWASH	3	VPP_E18F602781ED69156EA49BFA	1	18300	1	CongNgheWash!63	false
CONGNGHEWASH	3	VPP_6F683CBE5BC2FDCC86A7D56C	1	30500	1	CongNgheWash!67	false
CONGNGHEWASH	3	VPP_9C3F67284F34AB3F87B61AE3	4	62500	1	CongNgheWash!64	false
CONGNGHEWASH	3	VPP_FCAFD887359D2ABC41DD6CB2	3	30500	1	CongNgheWash!72	false
CONGNGHEWASH	3	VPP_C93139806E5E6FA7B6108E20	1	15200	1	CongNgheWash!59	false
CONGNGHEWASH	3	VPP_1B7F628BAEDEADF10C3FFABB	1	22000	1	CongNgheWash!69	false
CONGNGHEWASH	3	VPP_08962588E0B8BD56C4AC5EA7	2	13500	1	CongNgheWash!71	false
CONGNGHEWASH	3	VPP_C1B702BB073DF7550DC827E3	2	39500	1	CongNgheWash!70	false
CPD	1	VPP_F619979572276FB062A5B165	10	6000	1	CPD!7	false
CPD	1	VPP_2D5F01DA9DD63C4779AE3A74	10	15600	1	CPD!6	false
CPD	1	VPP_FED83FE7DF0C4F10EE62CD09	1	47000	1	CPD!23	false
CPD	1	VPP_3CCB77F4FA45DE6C8FC85518	15	18700	1	CPD!19	false
CPD	1	VPP_C1285C2AC013DD1B1C48AF94	3	18700	1	CPD!21	false
CPD	1	VPP_9743CEC7C70351023EE934C7	12	18700	1	CPD!20	false
CPD	1	VPP_BBBCA4276156A7826127FF70	50	520	1	CPD!15	false
CPD	1	VPP_C61F3271D5EA2C67481FB4DA	100	3900	1	CPD!22	false
CPD	1	VPP_B4DF94CB1BA5A4DC0529CEEF	10	3250	1	CPD!12	false
CPD	1	VPP_2E8036912C0C118193AE0FB3	10	2900	1	CPD!13	false
CPD	1	VPP_3B784EE798436B362CE11D1F	5	12900	1	CPD!8	false
CPD	1	VPP_49AA7AE1836D77EE843859B8	3	16200	1	CPD!18	false
CPD	1	VPP_9C3F67284F34AB3F87B61AE3	4	62500	1	CPD!14	false
CPD	1	VPP_29D7F7162C43C555EB080572	10	13300	1	CPD!9	false
CPD	1	VPP_AB45011F6A3D2D1CD0BFDDAC	10	18800	1	CPD!10	false
CPD	1	VPP_F6550946F385CE5FCD057EE6	5	3150	1	CPD!24	false
CPD	1	VPP_12C6C299C8B52F6DA4535E0D	10	3550	1	CPD!11	false
CPD	1	VPP_76C323160840B8ADD0A75A75	1	195000	1	CPD!17	false
CPD	1	VPP_AA3F6290BF5C5DE5C7A147E4	6	2920	1	CPD!16	false
CPD	2	VPP_F639822CBB882D92AB85CB29	5	2650	1	CPD!39	false
CPD	2	VPP_E33C3FD2E20FAFA535A1C606	5	5200	1	CPD!40	false
CPD	2	VPP_620DAB8ECFE7336B86A971F8	10	3150	1	CPD!27	false
CPD	2	VPP_F619979572276FB062A5B165	10	6000	1	CPD!28	false
CPD	2	VPP_506033EA3026EE18CBC0A735	10	11200	1	CPD!29	false
CPD	2	VPP_2D5F01DA9DD63C4779AE3A74	10	15600	1	CPD!38	false
CPD	2	VPP_04711541D044B314488B2993	5	14100	1	CPD!26	false
CPD	2	VPP_3CCB77F4FA45DE6C8FC85518	6	18700	1	CPD!35	false
CPD	2	VPP_C1285C2AC013DD1B1C48AF94	6	18700	1	CPD!37	false
CPD	2	VPP_9743CEC7C70351023EE934C7	6	18700	1	CPD!36	false
CPD	2	VPP_FE45845BBD3C5EA61323FD99	2	68000	1	CPD!32	false
CPD	2	VPP_5E42A1F973691A7F95EF48B1	5	6100	1	CPD!41	false
CPD	2	VPP_0C3D636846222846B5D4205F	2	68000	1	CPD!42	false
CPD	2	VPP_9C3F67284F34AB3F87B61AE3	6	62500	1	CPD!34	false
CPD	2	VPP_557F9A4DE587202A3AB5CB8F	2	85000	1	CPD!33	false
CPD	2	VPP_BBBD4DC7AA5B255AB4BD7D51	6	2920	1	CPD!31	false
CPD	2	VPP_AA3F6290BF5C5DE5C7A147E4	6	2920	1	CPD!30	false
CPD	3	VPP_F619979572276FB062A5B165	10	6000	1	CPD!45	false
CPD	3	VPP_2D5F01DA9DD63C4779AE3A74	10	15600	1	CPD!44	false
CPD	3	VPP_F422D1BC1ACB3FD008FB431F	2	1100	1	CPD!58	false
CPD	3	VPP_D292D25A56890E98D0D02ABF	2	1100	1	CPD!59	false
CPD	3	VPP_1F128F6A4E98CD8C6210DC91	3	47000	1	CPD!61	false
CPD	3	VPP_9F54CE0A91482E066686AF1C	3	47000	1	CPD!60	false
CPD	3	VPP_3CCB77F4FA45DE6C8FC85518	9	18700	1	CPD!52	false
CPD	3	VPP_C1285C2AC013DD1B1C48AF94	9	18700	1	CPD!54	false
CPD	3	VPP_9743CEC7C70351023EE934C7	9	18700	1	CPD!53	false
CPD	3	VPP_BBBCA4276156A7826127FF70	50	520	1	CPD!50	false
CPD	3	VPP_B4DF94CB1BA5A4DC0529CEEF	10	3250	1	CPD!47	false
CPD	3	VPP_2E8036912C0C118193AE0FB3	5	2900	1	CPD!48	false
CPD	3	VPP_3B784EE798436B362CE11D1F	10	12900	1	CPD!46	false
CPD	3	VPP_9C3F67284F34AB3F87B61AE3	8	62500	1	CPD!49	false
CPD	3	VPP_C93139806E5E6FA7B6108E20	5	15200	1	CPD!56	false
CPD	3	VPP_CC33E2FE55C2A3F2F5CCA739	1	240000	1	CPD!57	false
CPD	3	VPP_BBBD4DC7AA5B255AB4BD7D51	6	2920	1	CPD!51	false
CPD	3	VPP_583BB7CA73B8AC53663B2683	5	6500	1	CPD!55	false
DAUTU	1	VPP_FD0A3ACBE9242E19D6FF0C21	1	44100	1	DauTu!7	false
DAUTU	1	VPP_9C3F67284F34AB3F87B61AE3	5	62500	1	DauTu!6	false
DAUTU	2	VPP_F639822CBB882D92AB85CB29	2	2650	1	DauTu!12	false
DAUTU	2	VPP_2D5F01DA9DD63C4779AE3A74	1	15600	1	DauTu!11	false
DAUTU	2	VPP_FD0A3ACBE9242E19D6FF0C21	1	44100	1	DauTu!8	false
DAUTU	2	VPP_6A721030CDE5BD1BCD7B271F	10	3250	1	DauTu!9	false
DAUTU	2	VPP_9D6FCF2D426B48B36063CEB9	2	8100	1	DauTu!10	false
DAUTU	3	VPP_F619979572276FB062A5B165	1	6000	1	DauTu!16	false
DAUTU	3	VPP_1CAD0182C33B0C201E0E7789	2	6100	1	DauTu!18	false
DAUTU	3	VPP_083E862BFE14BEC171B5C9BC	2	7900	1	DauTu!15	false
DAUTU	3	VPP_9C3F67284F34AB3F87B61AE3	5	62500	1	DauTu!13	false
DAUTU	3	VPP_F6550946F385CE5FCD057EE6	2	3150	1	DauTu!17	false
DAUTU	3	VPP_4FA5218353791647D8532A7A	5	12500	1	DauTu!14	false
DINHMUC	1	VPP_3CCB77F4FA45DE6C8FC85518	4	18700	1	DinhMuc!6	false
DINHMUC	1	VPP_C1285C2AC013DD1B1C48AF94	3	18700	1	DinhMuc!8	false
DINHMUC	1	VPP_9743CEC7C70351023EE934C7	3	18700	1	DinhMuc!7	false
DINHMUC	1	VPP_588109EB33F556EB7CD7039F	2	28400	1	DinhMuc!13	false
DINHMUC	1	VPP_41888B540CB249F55C1787F0	2	175000	1	DinhMuc!19	false
DINHMUC	1	VPP_6F683CBE5BC2FDCC86A7D56C	2	30500	1	DinhMuc!17	false
DINHMUC	1	VPP_D461FD4A0E115F99D757287D	1	20400	1	DinhMuc!16	false
DINHMUC	1	VPP_63B2253DBFDF1877BBD2D0FC	5	6500	1	DinhMuc!14	false
DINHMUC	1	VPP_1675C18F9C2381128298E62B	2	29900	1	DinhMuc!11	false
DINHMUC	1	VPP_DFCC3AE89E86E9177F2FB72F	1	27200	1	DinhMuc!9	false
DINHMUC	1	VPP_FD34E17790FDEEA9205B15DF	3	27500	1	DinhMuc!10	false
DINHMUC	1	VPP_DDE80D716634560453AE7186	4	80000	1	DinhMuc!18	false
DINHMUC	1	VPP_08962588E0B8BD56C4AC5EA7	5	13500	1	DinhMuc!15	false
DINHMUC	1	VPP_DC523FCC91EE27D0B478E6F5	1	19200	1	DinhMuc!12	false
DINHMUC	2	VPP_3CCB77F4FA45DE6C8FC85518	4	18700	1	DinhMuc!20	false
DINHMUC	2	VPP_C1285C2AC013DD1B1C48AF94	3	18700	1	DinhMuc!22	false
DINHMUC	2	VPP_9743CEC7C70351023EE934C7	3	18700	1	DinhMuc!21	false
DINHMUC	2	VPP_588109EB33F556EB7CD7039F	2	28400	1	DinhMuc!27	false
DINHMUC	2	VPP_388F94CD206B9088205D64C3	1	278000	1	DinhMuc!32	false
DINHMUC	2	VPP_083E862BFE14BEC171B5C9BC	2	7900	1	DinhMuc!36	false
DINHMUC	2	VPP_0C8815EFBEF04F6F413674EF	2	8200	1	DinhMuc!35	false
DINHMUC	2	VPP_6F683CBE5BC2FDCC86A7D56C	2	30500	1	DinhMuc!31	false
DINHMUC	2	VPP_D461FD4A0E115F99D757287D	1	20400	1	DinhMuc!30	false
DINHMUC	2	VPP_00F146CF554F30BB71CF8BA9	5	55000	1	DinhMuc!33	false
DINHMUC	2	VPP_B345DC72BD6A87306ED6EF11	1	6200	1	DinhMuc!34	false
DINHMUC	2	VPP_63B2253DBFDF1877BBD2D0FC	5	6500	1	DinhMuc!28	false
DINHMUC	2	VPP_12C6C299C8B52F6DA4535E0D	1	3550	1	DinhMuc!37	false
DINHMUC	2	VPP_1675C18F9C2381128298E62B	2	29900	1	DinhMuc!25	false
DINHMUC	2	VPP_DFCC3AE89E86E9177F2FB72F	1	27200	1	DinhMuc!23	false
DINHMUC	2	VPP_FD34E17790FDEEA9205B15DF	3	27500	1	DinhMuc!24	false
DINHMUC	2	VPP_08962588E0B8BD56C4AC5EA7	5	13500	1	DinhMuc!29	false
DINHMUC	2	VPP_DC523FCC91EE27D0B478E6F5	1	19200	1	DinhMuc!26	false
DINHMUC	3	VPP_084AC8B1E31EB7C36524411F	1	31500	1	DinhMuc!51	false
DINHMUC	3	VPP_E33C3FD2E20FAFA535A1C606	2	5200	1	DinhMuc!56	false
DINHMUC	3	VPP_AC7C38A7F3DD7588B2E65F73	2	7800	1	DinhMuc!55	false
DINHMUC	3	VPP_2D5F01DA9DD63C4779AE3A74	1	15600	1	DinhMuc!54	false
DINHMUC	3	VPP_3CCB77F4FA45DE6C8FC85518	4	18700	1	DinhMuc!38	false
DINHMUC	3	VPP_C1285C2AC013DD1B1C48AF94	3	18700	1	DinhMuc!40	false
DINHMUC	3	VPP_9743CEC7C70351023EE934C7	3	18700	1	DinhMuc!39	false
DINHMUC	3	VPP_FD0A3ACBE9242E19D6FF0C21	1	44100	1	DinhMuc!57	false
DINHMUC	3	VPP_083E862BFE14BEC171B5C9BC	2	7900	1	DinhMuc!52	false
DINHMUC	3	VPP_6F683CBE5BC2FDCC86A7D56C	2	30500	1	DinhMuc!48	false
DINHMUC	3	VPP_D461FD4A0E115F99D757287D	2	20400	1	DinhMuc!47	false
DINHMUC	3	VPP_C93139806E5E6FA7B6108E20	2	15200	1	DinhMuc!58	false
DINHMUC	3	VPP_63B2253DBFDF1877BBD2D0FC	5	6500	1	DinhMuc!45	false
DINHMUC	3	VPP_12C6C299C8B52F6DA4535E0D	1	3550	1	DinhMuc!53	false
DINHMUC	3	VPP_1675C18F9C2381128298E62B	3	29900	1	DinhMuc!43	false
DINHMUC	3	VPP_DFCC3AE89E86E9177F2FB72F	1	27200	1	DinhMuc!41	false
DINHMUC	3	VPP_FD34E17790FDEEA9205B15DF	4	27500	1	DinhMuc!42	false
DINHMUC	3	VPP_B50F2B25582F9B4C295B4D88	1	29500	1	DinhMuc!49	false
DINHMUC	3	VPP_E5491A02330B5C26E4552961	1	29500	1	DinhMuc!50	false
DINHMUC	3	VPP_08962588E0B8BD56C4AC5EA7	10	13500	1	DinhMuc!46	false
DINHMUC	3	VPP_DC523FCC91EE27D0B478E6F5	1	19200	1	DinhMuc!44	false
FD	3	VPP_084AC8B1E31EB7C36524411F	1	31500	1	FD!10	false
FD	3	VPP_E33C3FD2E20FAFA535A1C606	5	5200	1	FD!29	false
FD	3	VPP_F619979572276FB062A5B165	4	6000	1	FD!7	false
FD	3	VPP_506033EA3026EE18CBC0A735	6	11200	1	FD!22	false
FD	3	VPP_AC7C38A7F3DD7588B2E65F73	8	7800	1	FD!19	false
FD	3	VPP_2D5F01DA9DD63C4779AE3A74	6	15600	1	FD!21	false
FD	3	VPP_69068E979D557ADEABF19810	4	47000	1	FD!23	false
FD	3	VPP_3D31BCF2A549C06B726BE2BC	4	47000	1	FD!20	false
FD	3	VPP_6584B40881F03D8C813B2D72	30	1450	1	FD!16	false
FD	3	VPP_63DB06C4AFC579D2541D75D1	3	10200	1	FD!12	false
FD	3	VPP_FD0A3ACBE9242E19D6FF0C21	4	44100	1	FD!8	false
FD	3	VPP_57741C38387602E8ED9CB12E	6	3250	1	FD!28	false
FD	3	VPP_B4DF94CB1BA5A4DC0529CEEF	8	3250	1	FD!27	false
FD	3	VPP_2E8036912C0C118193AE0FB3	2	2900	1	FD!25	false
FD	3	VPP_BF074043071874632B0F425A	4	7900	1	FD!15	false
FD	3	VPP_083E862BFE14BEC171B5C9BC	5	7900	1	FD!14	false
FD	3	VPP_0C8815EFBEF04F6F413674EF	6	8200	1	FD!13	false
FD	3	VPP_6ABCFFC7F9E022F298DE58BF	1	62000	1	FD!26	false
FD	3	VPP_00F146CF554F30BB71CF8BA9	8	55000	1	FD!6	false
FD	3	VPP_7B5DEC16E35EA0BA0606EF7F	3	8900	1	FD!24	false
FD	3	VPP_C93139806E5E6FA7B6108E20	2	15200	1	FD!11	false
FD	3	VPP_12C6C299C8B52F6DA4535E0D	8	3550	1	FD!9	false
FD	3	VPP_BBBD4DC7AA5B255AB4BD7D51	4	2920	1	FD!17	false
FD	3	VPP_AA3F6290BF5C5DE5C7A147E4	4	2920	1	FD!18	false
FQM	1	VPP_69068E979D557ADEABF19810	1	47000	1	FQM!8	false
FQM	1	VPP_47C162C20BA3F03DF160D568	3	19500	1	FQM!6	false
FQM	1	VPP_2C6E897B5BE81115539F72A5	1	82000	1	FQM!7	false
FQM	2	VPP_2D5F01DA9DD63C4779AE3A74	10	15600	1	FQM!10	false
FQM	2	VPP_E4980DFAE852BDE643E58786	1	47000	1	FQM!12	false
FQM	2	VPP_BBBCA4276156A7826127FF70	2	520	1	FQM!13	false
FQM	2	VPP_C93139806E5E6FA7B6108E20	2	15200	1	FQM!9	false
FQM	2	VPP_2C6E897B5BE81115539F72A5	1	82000	1	FQM!11	false
FQM	3	VPP_E4980DFAE852BDE643E58786	1	47000	1	FQM!15	false
FQM	3	VPP_FED83FE7DF0C4F10EE62CD09	1	47000	1	FQM!16	false
FQM	3	VPP_4A8A1058110AE57FD3ED8FE8	1	47000	1	FQM!18	false
FQM	3	VPP_9E8946F2D6E8FFE6CBFE3D6C	1	47000	1	FQM!17	false
FQM	3	VPP_BBBCA4276156A7826127FF70	20	520	1	FQM!14	false
FQM	3	VPP_2C6E897B5BE81115539F72A5	1	82000	1	FQM!19	false
GIAMDINH	1	VPP_084AC8B1E31EB7C36524411F	1	31500	1	GiamDinh!7	false
GIAMDINH	1	VPP_FB1E1BFF9D357F27BC372E36	1	68000	1	GiamDinh!26	false
GIAMDINH	1	VPP_980FA2A1AAA8AF7B40E21F73	4	30100	1	GiamDinh!6	false
GIAMDINH	1	VPP_FD0A3ACBE9242E19D6FF0C21	5	44100	1	GiamDinh!13	false
GIAMDINH	1	VPP_4656D210C41D4A62F1C6DC04	1	45000	1	GiamDinh!20	false
GIAMDINH	1	VPP_DED50ACDCD723F5C78B696EF	1	3250	1	GiamDinh!15	false
GIAMDINH	1	VPP_B4DF94CB1BA5A4DC0529CEEF	10	3250	1	GiamDinh!14	false
GIAMDINH	1	VPP_FC78548B8D51584D97F9D7DD	4	6800	1	GiamDinh!16	false
GIAMDINH	1	VPP_48B228F0E3896B14789E6066	3	6800	1	GiamDinh!17	false
GIAMDINH	1	VPP_083E862BFE14BEC171B5C9BC	7	7900	1	GiamDinh!18	false
GIAMDINH	1	VPP_0C8815EFBEF04F6F413674EF	7	8200	1	GiamDinh!19	false
GIAMDINH	1	VPP_47C162C20BA3F03DF160D568	2	19500	1	GiamDinh!21	false
GIAMDINH	1	VPP_00F146CF554F30BB71CF8BA9	10	55000	1	GiamDinh!12	false
GIAMDINH	1	VPP_B7BCF0A186AB015B1DC2F02A	5	12800	1	GiamDinh!11	false
GIAMDINH	1	VPP_C93139806E5E6FA7B6108E20	1	15200	1	GiamDinh!10	false
GIAMDINH	1	VPP_07B6EFD202371277FDA7FF55	1	4200	1	GiamDinh!9	false
GIAMDINH	1	VPP_12C6C299C8B52F6DA4535E0D	10	3550	1	GiamDinh!8	false
GIAMDINH	1	VPP_636B3754AADA6A45ED850591	1	12700	1	GiamDinh!27	false
GIAMDINH	1	VPP_34A0F6C9589A524AFD58C9FE	5	29000	1	GiamDinh!28	false
GIAMDINH	1	VPP_D55825D199F344E0172AAD20	1	54000	1	GiamDinh!24	false
GIAMDINH	1	VPP_EC97C2285D92D16DB12A2EC4	1	9500	1	GiamDinh!25	false
GIAMDINH	1	VPP_BBEE7E7EBBA7BF0008F36232	1	58000	1	GiamDinh!22	false
GIAMDINH	1	VPP_520C20FE8281CB6D04C78047	5	65700	1	GiamDinh!23	false
GIAMDINH	2	VPP_9743CEC7C70351023EE934C7	1	18700	1	GiamDinh!29	false
GIAMDINH	2	VPP_FD0A3ACBE9242E19D6FF0C21	6	44100	1	GiamDinh!44	false
GIAMDINH	2	VPP_92CF692CC49E06B691976D0A	3	31000	1	GiamDinh!45	false
GIAMDINH	2	VPP_6D93CBDBF0B607859F57497B	1	30500	1	GiamDinh!46	false
GIAMDINH	2	VPP_FC78548B8D51584D97F9D7DD	3	6800	1	GiamDinh!34	false
GIAMDINH	2	VPP_84E5A61FF505F7CE45F1C840	2	6600	1	GiamDinh!39	false
GIAMDINH	2	VPP_083E862BFE14BEC171B5C9BC	10	7900	1	GiamDinh!36	false
GIAMDINH	2	VPP_0C8815EFBEF04F6F413674EF	10	8200	1	GiamDinh!35	false
GIAMDINH	2	VPP_4992936A17ADEB7C8C8958DC	10	4500	1	GiamDinh!38	false
GIAMDINH	2	VPP_21DA8BFB930ADBE77004F865	1	55000	1	GiamDinh!50	false
GIAMDINH	2	VPP_47C162C20BA3F03DF160D568	3	19500	1	GiamDinh!37	false
GIAMDINH	2	VPP_00F146CF554F30BB71CF8BA9	10	55000	1	GiamDinh!43	false
GIAMDINH	2	VPP_B1927583A9ECB8C703798C54	1	198000	1	GiamDinh!40	false
GIAMDINH	2	VPP_07B6EFD202371277FDA7FF55	1	4200	1	GiamDinh!49	false
GIAMDINH	2	VPP_636B3754AADA6A45ED850591	2	12700	1	GiamDinh!41	false
GIAMDINH	2	VPP_692E8E8DA3B3F963D6DDFE77	4	25300	1	GiamDinh!33	false
GIAMDINH	2	VPP_3367C3E5D2D4BE9214273249	2	35200	1	GiamDinh!30	false
GIAMDINH	2	VPP_34A0F6C9589A524AFD58C9FE	7	29000	1	GiamDinh!42	false
GIAMDINH	2	VPP_FEB6C14CDD19F732CDDECC14	2	17500	1	GiamDinh!47	false
GIAMDINH	2	VPP_BBEE7E7EBBA7BF0008F36232	2	58000	1	GiamDinh!32	false
GIAMDINH	2	VPP_596B48C6DAA990732B950276	1	36500	1	GiamDinh!48	false
GIAMDINH	2	VPP_520C20FE8281CB6D04C78047	5	65700	1	GiamDinh!31	false
GIAMDINH	3	VPP_FD0A3ACBE9242E19D6FF0C21	6	44100	1	GiamDinh!51	false
GIAMDINH	3	VPP_FC78548B8D51584D97F9D7DD	2	6800	1	GiamDinh!52	false
GIAMDINH	3	VPP_083E862BFE14BEC171B5C9BC	10	7900	1	GiamDinh!53	false
GIAMDINH	3	VPP_0C8815EFBEF04F6F413674EF	10	8200	1	GiamDinh!54	false
GIAMDINH	3	VPP_47C162C20BA3F03DF160D568	6	19500	1	GiamDinh!55	false
GIAMDINH	3	VPP_00F146CF554F30BB71CF8BA9	10	55000	1	GiamDinh!60	false
GIAMDINH	3	VPP_6A5D47BB91281275D6D59983	3	15000	1	GiamDinh!56	false
GIAMDINH	3	VPP_692E8E8DA3B3F963D6DDFE77	4	25300	1	GiamDinh!57	false
GIAMDINH	3	VPP_C197107312001303740D4B7A	1	33100	1	GiamDinh!58	false
GIAMDINH	3	VPP_38DC9C4D275744539465C0F7	2	4500	1	GiamDinh!59	false
GIAMDINH	3	VPP_520C20FE8281CB6D04C78047	5	65700	1	GiamDinh!61	false
HCQT	1	VPP_F61B54D2E6C19B80A008F848	10	19900	1	P.HCQT!9	false
HCQT	1	VPP_5AD44CEF13F6D1993DF03076	60	49200	1	P.HCQT!25	false
HCQT	1	VPP_3CCB77F4FA45DE6C8FC85518	41	18700	1	P.HCQT!14	false
HCQT	1	VPP_C1285C2AC013DD1B1C48AF94	48	18700	1	P.HCQT!16	false
HCQT	1	VPP_9743CEC7C70351023EE934C7	33	18700	1	P.HCQT!15	false
HCQT	1	VPP_588109EB33F556EB7CD7039F	4	28400	1	P.HCQT!24	false
HCQT	1	VPP_FD0A3ACBE9242E19D6FF0C21	2	44100	1	P.HCQT!7	false
HCQT	1	VPP_388F94CD206B9088205D64C3	1	278000	1	P.HCQT!8	false
HCQT	1	VPP_7DA3C623332A03A74C859B8D	4	38000	1	P.HCQT!11	false
HCQT	1	VPP_045CECCCBE6F4B8E040C549D	4	28500	1	P.HCQT!13	false
HCQT	1	VPP_C5E12A5F8171E7A3121F2B2C	4	48500	1	P.HCQT!12	false
HCQT	1	VPP_67BBAC6D609D9FCA6E3A18C5	8	4500	1	P.HCQT!22	false
HCQT	1	VPP_9C3F67284F34AB3F87B61AE3	10	62500	1	P.HCQT!6	false
HCQT	1	VPP_F2B06FA02ACA31A7B3E229DB	4	99500	1	P.HCQT!17	false
HCQT	1	VPP_636DCE6D4BE34B8A415894E4	8	42500	1	P.HCQT!18	false
HCQT	1	VPP_B50F2B25582F9B4C295B4D88	5	29500	1	P.HCQT!10	false
HCQT	1	VPP_BCABC627AFF574F1E01D1650	1	155000	1	P.HCQT!19	false
HCQT	1	VPP_08962588E0B8BD56C4AC5EA7	10	13500	1	P.HCQT!21	false
HCQT	1	VPP_C1B702BB073DF7550DC827E3	8	39500	1	P.HCQT!20	false
HCQT	1	VPP_520C20FE8281CB6D04C78047	4	65700	1	P.HCQT!23	false
HCQT	1	VPP_4AE8D6BC8A0D624966E63722	2	59200	1	P.HCQT!26	false
HCQT	2	VPP_F639822CBB882D92AB85CB29	2	2650	1	P.HCQT!57	false
HCQT	2	VPP_E33C3FD2E20FAFA535A1C606	2	5200	1	P.HCQT!58	false
HCQT	2	VPP_5AD44CEF13F6D1993DF03076	40	49200	1	P.HCQT!47	false
HCQT	2	VPP_3CCB77F4FA45DE6C8FC85518	41	18700	1	P.HCQT!36	false
HCQT	2	VPP_C1285C2AC013DD1B1C48AF94	48	18700	1	P.HCQT!38	false
HCQT	2	VPP_9743CEC7C70351023EE934C7	33	18700	1	P.HCQT!37	false
HCQT	2	VPP_588109EB33F556EB7CD7039F	4	28400	1	P.HCQT!46	false
HCQT	2	VPP_FD0A3ACBE9242E19D6FF0C21	2	44100	1	P.HCQT!29	false
HCQT	2	VPP_4656D210C41D4A62F1C6DC04	1	45000	1	P.HCQT!51	false
HCQT	2	VPP_7DA3C623332A03A74C859B8D	6	38000	1	P.HCQT!33	false
HCQT	2	VPP_2F0754FF849B2148B0E1523F	20	7200	1	P.HCQT!52	false
HCQT	2	VPP_697967C70400818A86BE61DC	1	121000	1	P.HCQT!30	false
HCQT	2	VPP_045CECCCBE6F4B8E040C549D	2	28500	1	P.HCQT!35	false
HCQT	2	VPP_C5E12A5F8171E7A3121F2B2C	2	48500	1	P.HCQT!34	false
HCQT	2	VPP_67BBAC6D609D9FCA6E3A18C5	8	4500	1	P.HCQT!44	false
HCQT	2	VPP_9C3F67284F34AB3F87B61AE3	10	62500	1	P.HCQT!28	false
HCQT	2	VPP_B345DC72BD6A87306ED6EF11	10	6200	1	P.HCQT!53	false
HCQT	2	VPP_8907E31DC17126301A48F565	2	6800	1	P.HCQT!50	false
HCQT	2	VPP_D6A9098D71BEA30D06FEBA85	5	39500	1	P.HCQT!49	false
HCQT	2	VPP_F2B06FA02ACA31A7B3E229DB	4	99500	1	P.HCQT!39	false
HCQT	2	VPP_993E8FAD77796DC34A9EBF5C	2	112200	1	P.HCQT!41	false
HCQT	2	VPP_636DCE6D4BE34B8A415894E4	8	42500	1	P.HCQT!40	false
HCQT	2	VPP_B50F2B25582F9B4C295B4D88	5	29500	1	P.HCQT!32	false
HCQT	2	VPP_E5491A02330B5C26E4552961	5	29500	1	P.HCQT!31	false
HCQT	2	VPP_DEDD04BBE05E19AD3BA7794C	1	45000	1	P.HCQT!54	false
HCQT	2	VPP_068B31858751F8E6C78D1E76	1	390000	1	P.HCQT!56	false
HCQT	2	VPP_2CC543C61C29E4614EC8AC50	2	80000	1	P.HCQT!55	false
HCQT	2	VPP_08962588E0B8BD56C4AC5EA7	10	13500	1	P.HCQT!43	false
HCQT	2	VPP_C1B702BB073DF7550DC827E3	8	39500	1	P.HCQT!42	false
HCQT	2	VPP_520C20FE8281CB6D04C78047	4	65700	1	P.HCQT!45	false
HCQT	2	VPP_4AE8D6BC8A0D624966E63722	4	59200	1	P.HCQT!48	false
HCQT	3	VPP_AC7C38A7F3DD7588B2E65F73	5	7800	1	P.HCQT!82	false
HCQT	3	VPP_5AD44CEF13F6D1993DF03076	45	49200	1	P.HCQT!74	false
HCQT	3	VPP_3CCB77F4FA45DE6C8FC85518	41	18700	1	P.HCQT!64	false
HCQT	3	VPP_C1285C2AC013DD1B1C48AF94	48	18700	1	P.HCQT!66	false
HCQT	3	VPP_9743CEC7C70351023EE934C7	33	18700	1	P.HCQT!65	false
HCQT	3	VPP_588109EB33F556EB7CD7039F	4	28400	1	P.HCQT!73	false
HCQT	3	VPP_4625CC216E438C7448B246D4	20	1950	1	P.HCQT!79	false
HCQT	3	VPP_980FA2A1AAA8AF7B40E21F73	4	30100	1	P.HCQT!76	false
HCQT	3	VPP_FD0A3ACBE9242E19D6FF0C21	2	44100	1	P.HCQT!61	false
HCQT	3	VPP_82E3C8620D2A675621300A69	2	19500	1	P.HCQT!80	false
HCQT	3	VPP_7C874CE730D52882F2157F7D	1	16500	1	P.HCQT!78	false
HCQT	3	VPP_7DA3C623332A03A74C859B8D	6	38000	1	P.HCQT!83	false
HCQT	3	VPP_045CECCCBE6F4B8E040C549D	4	28500	1	P.HCQT!63	false
HCQT	3	VPP_C5E12A5F8171E7A3121F2B2C	4	48500	1	P.HCQT!62	false
HCQT	3	VPP_67BBAC6D609D9FCA6E3A18C5	8	4500	1	P.HCQT!71	false
HCQT	3	VPP_3B784EE798436B362CE11D1F	2	12900	1	P.HCQT!85	false
HCQT	3	VPP_9C3F67284F34AB3F87B61AE3	10	62500	1	P.HCQT!60	false
HCQT	3	VPP_C93139806E5E6FA7B6108E20	2	15200	1	P.HCQT!84	false
HCQT	3	VPP_F2B06FA02ACA31A7B3E229DB	4	99500	1	P.HCQT!67	false
HCQT	3	VPP_993E8FAD77796DC34A9EBF5C	2	112200	1	P.HCQT!81	false
HCQT	3	VPP_636DCE6D4BE34B8A415894E4	8	42500	1	P.HCQT!68	false
HCQT	3	VPP_4E0F52CA0CDD47D9931650B0	5	47200	1	P.HCQT!77	false
HCQT	3	VPP_08962588E0B8BD56C4AC5EA7	10	13500	1	P.HCQT!70	false
HCQT	3	VPP_C1B702BB073DF7550DC827E3	8	39500	1	P.HCQT!69	false
HCQT	3	VPP_520C20FE8281CB6D04C78047	4	65700	1	P.HCQT!72	false
HCQT	3	VPP_4AE8D6BC8A0D624966E63722	4	59200	1	P.HCQT!75	false
HOANTATPHUOCLONG	1	VPP_588109EB33F556EB7CD7039F	5	28400	1	TTHTPhuocLong!10	false
HOANTATPHUOCLONG	1	VPP_B4DF94CB1BA5A4DC0529CEEF	10	3250	1	TTHTPhuocLong!6	false
HOANTATPHUOCLONG	1	VPP_BF074043071874632B0F425A	10	7900	1	TTHTPhuocLong!8	false
HOANTATPHUOCLONG	1	VPP_245486DA962A9877944D297F	3	29000	1	TTHTPhuocLong!7	false
HOANTATPHUOCLONG	1	VPP_044B605501D64160EAF866DC	2	23500	1	TTHTPhuocLong!14	false
HOANTATPHUOCLONG	1	VPP_9709D0EEAA21CBCB08541B2F	3	4500	1	TTHTPhuocLong!11	false
HOANTATPHUOCLONG	1	VPP_ADF2D12B309C679948E933A2	1	67800	1	TTHTPhuocLong!12	false
HOANTATPHUOCLONG	1	VPP_BB71DB462583AD2E07C68C2E	1	298000	1	TTHTPhuocLong!9	false
HOANTATPHUOCLONG	1	VPP_704C22D217532169FC57318A	2	151000	1	TTHTPhuocLong!13	false
HOANTATPHUOCLONG	3	VPP_588109EB33F556EB7CD7039F	10	28400	1	TTHTPhuocLong!16	false
HOANTATPHUOCLONG	3	VPP_B4DF94CB1BA5A4DC0529CEEF	10	3250	1	TTHTPhuocLong!18	false
HOANTATPHUOCLONG	3	VPP_BF074043071874632B0F425A	20	7900	1	TTHTPhuocLong!20	false
HOANTATPHUOCLONG	3	VPP_245486DA962A9877944D297F	3	29000	1	TTHTPhuocLong!17	false
HOANTATPHUOCLONG	3	VPP_6F683CBE5BC2FDCC86A7D56C	10	30500	1	TTHTPhuocLong!21	false
HOANTATPHUOCLONG	3	VPP_044B605501D64160EAF866DC	2	23500	1	TTHTPhuocLong!15	false
HOANTATPHUOCLONG	3	VPP_B7BCF0A186AB015B1DC2F02A	30	12800	1	TTHTPhuocLong!23	false
HOANTATPHUOCLONG	3	VPP_C93139806E5E6FA7B6108E20	2	15200	1	TTHTPhuocLong!24	false
HOANTATPHUOCLONG	3	VPP_1B7F628BAEDEADF10C3FFABB	5	22000	1	TTHTPhuocLong!22	false
HOANTATPHUOCLONG	3	VPP_280D87F85C0E4DF12018BDF7	1	124800	1	TTHTPhuocLong!19	false
IT	3	VPP_2D5F01DA9DD63C4779AE3A74	5	15600	1	SYNTHETIC_MEDIAN_MONTH_3	true
IT	3	VPP_FD0A3ACBE9242E19D6FF0C21	3	44100	1	SYNTHETIC_MEDIAN_MONTH_3	true
IT	3	VPP_B4DF94CB1BA5A4DC0529CEEF	10	3250	1	SYNTHETIC_MEDIAN_MONTH_3	true
IT	3	VPP_9C3F67284F34AB3F87B61AE3	5	62500	1	SYNTHETIC_MEDIAN_MONTH_3	true
IT	3	VPP_B345DC72BD6A87306ED6EF11	3	6200	1	SYNTHETIC_MEDIAN_MONTH_3	true
IT	3	VPP_B50F2B25582F9B4C295B4D88	2	29500	1	SYNTHETIC_MEDIAN_MONTH_3	true
KD1	1	VPP_AC7C38A7F3DD7588B2E65F73	20	7800	1	KD1!6	false
KD1	1	VPP_F61B54D2E6C19B80A008F848	10	19900	1	KD1!7	false
KD1	1	VPP_D292D25A56890E98D0D02ABF	1	1100	1	KD1!20	false
KD1	1	VPP_5161BBEB5E1EE0D8EEA04321	2	47000	1	KD1!17	false
KD1	1	VPP_69068E979D557ADEABF19810	2	47000	1	KD1!18	false
KD1	1	VPP_892C433A49B8E0C589E886C4	1	8500	1	KD1!9	false
KD1	1	VPP_FD0A3ACBE9242E19D6FF0C21	16	44100	1	KD1!8	false
KD1	1	VPP_57741C38387602E8ED9CB12E	10	3250	1	KD1!13	false
KD1	1	VPP_B4DF94CB1BA5A4DC0529CEEF	10	3250	1	KD1!12	false
KD1	1	VPP_0C8815EFBEF04F6F413674EF	1	8200	1	KD1!14	false
KD1	1	VPP_F38B9A4E64ED23868E1E8E38	1	31000	1	KD1!10	false
KD1	1	VPP_9C3F67284F34AB3F87B61AE3	7	62500	1	KD1!16	false
KD1	1	VPP_7B5DEC16E35EA0BA0606EF7F	2	8900	1	KD1!19	false
KD1	1	VPP_A3D298B7B7EE9BA868E74462	1	5800	1	KD1!11	false
KD1	1	VPP_BBBD4DC7AA5B255AB4BD7D51	4	2920	1	KD1!21	false
KD1	1	VPP_596B48C6DAA990732B950276	1	36500	1	KD1!15	false
KD1	2	VPP_084AC8B1E31EB7C36524411F	1	31500	1	KD1!22	false
KD1	2	VPP_3D31BCF2A549C06B726BE2BC	2	47000	1	KD1!29	false
KD1	2	VPP_980FA2A1AAA8AF7B40E21F73	1	30100	1	KD1!23	false
KD1	2	VPP_5E42A1F973691A7F95EF48B1	1	6100	1	KD1!25	false
KD1	2	VPP_82E05295E74F9547D0D713DC	1	6100	1	KD1!26	false
KD1	2	VPP_47C162C20BA3F03DF160D568	1	19500	1	KD1!27	false
KD1	2	VPP_9C3F67284F34AB3F87B61AE3	4	62500	1	KD1!33	false
KD1	2	VPP_51ADAB9A4F66933B5085E080	1	14500	1	KD1!28	false
KD1	2	VPP_C93139806E5E6FA7B6108E20	1	15200	1	KD1!24	false
KD1	2	VPP_DFCC3AE89E86E9177F2FB72F	1	27200	1	KD1!32	false
KD1	2	VPP_BBBD4DC7AA5B255AB4BD7D51	4	2920	1	KD1!31	false
KD1	2	VPP_6455C9867B3041E8E98BA8A6	1	44000	1	KD1!30	false
KD1	3	VPP_F61B54D2E6C19B80A008F848	5	19900	1	KD1!35	false
KD1	3	VPP_3D31BCF2A549C06B726BE2BC	2	47000	1	KD1!36	false
KD1	3	VPP_FD0A3ACBE9242E19D6FF0C21	2	44100	1	KD1!37	false
KD1	3	VPP_9C3F67284F34AB3F87B61AE3	5	62500	1	KD1!34	false
KD16	1	VPP_084AC8B1E31EB7C36524411F	2	31500	1	KD16!6	false
KD16	1	VPP_F639822CBB882D92AB85CB29	12	2650	1	KD16!7	false
KD16	1	VPP_E33C3FD2E20FAFA535A1C606	9	5200	1	KD16!8	false
KD16	1	VPP_F619979572276FB062A5B165	5	6000	1	KD16!9	false
KD16	1	VPP_AC7C38A7F3DD7588B2E65F73	26	7800	1	KD16!10	false
KD16	1	VPP_2D5F01DA9DD63C4779AE3A74	26	15600	1	KD16!11	false
KD16	1	VPP_F61B54D2E6C19B80A008F848	19	19900	1	KD16!12	false
KD16	1	VPP_F422D1BC1ACB3FD008FB431F	5	1100	1	KD16!43	false
KD16	1	VPP_5161BBEB5E1EE0D8EEA04321	2	47000	1	KD16!40	false
KD16	1	VPP_536B016CF5503C41A3205D37	1	47000	1	KD16!51	false
KD16	1	VPP_FED83FE7DF0C4F10EE62CD09	5	47000	1	KD16!52	false
KD16	1	VPP_69068E979D557ADEABF19810	2	47000	1	KD16!41	false
KD16	1	VPP_4A8A1058110AE57FD3ED8FE8	5	47000	1	KD16!53	false
KD16	1	VPP_3EECFA4A2175BE26CAD1CCDF	1	47000	1	KD16!54	false
KD16	1	VPP_FE45845BBD3C5EA61323FD99	2	68000	1	KD16!42	false
KD16	1	VPP_2A6DA4A232115E0BD248C2CF	20	10200	1	KD16!14	false
KD16	1	VPP_FD0A3ACBE9242E19D6FF0C21	16	44100	1	KD16!13	false
KD16	1	VPP_4656D210C41D4A62F1C6DC04	4	45000	1	KD16!33	false
KD16	1	VPP_57741C38387602E8ED9CB12E	10	3250	1	KD16!28	false
KD16	1	VPP_DED50ACDCD723F5C78B696EF	3	3250	1	KD16!26	false
KD16	1	VPP_B4DF94CB1BA5A4DC0529CEEF	10	3250	1	KD16!27	false
KD16	1	VPP_2E8036912C0C118193AE0FB3	3	2900	1	KD16!29	false
KD16	1	VPP_1CAD0182C33B0C201E0E7789	4	6100	1	KD16!30	false
KD16	1	VPP_BF074043071874632B0F425A	5	7900	1	KD16!32	false
KD16	1	VPP_083E862BFE14BEC171B5C9BC	5	7900	1	KD16!31	false
KD16	1	VPP_16C225AD7EF7C255DD6CE9A9	1	22500	1	KD16!34	false
KD16	1	VPP_3B784EE798436B362CE11D1F	2	12900	1	KD16!15	false
KD16	1	VPP_E6850E34B7F644A850302C0A	5	2850	1	KD16!45	false
KD16	1	VPP_75A7DA6F764F4FF67BF88326	2	85000	1	KD16!44	false
KD16	1	VPP_C9688B03D19FBF90A74484B3	1	126000	1	KD16!39	false
KD16	1	VPP_00F146CF554F30BB71CF8BA9	20	55000	1	KD16!35	false
KD16	1	VPP_93951C15077286C47CD4B2B2	10	43500	1	KD16!38	false
KD16	1	VPP_0F05A8140A0628013EB46DCD	15	830	1	KD16!37	false
KD16	1	VPP_B345DC72BD6A87306ED6EF11	2	6200	1	KD16!36	false
KD16	1	VPP_8907E31DC17126301A48F565	2	6800	1	KD16!46	false
KD16	1	VPP_4D4DDAF9A4BC66E7398C7E6F	5	5600	1	KD16!21	false
KD16	1	VPP_B7BCF0A186AB015B1DC2F02A	5	12800	1	KD16!22	false
KD16	1	VPP_C93139806E5E6FA7B6108E20	5	15200	1	KD16!20	false
KD16	1	VPP_E6465541F4792791880C8C33	2	27500	1	KD16!56	false
KD16	1	VPP_BBBB58908D7F0D6E6F33AEF4	2	8400	1	KD16!16	false
KD16	1	VPP_29D7F7162C43C555EB080572	2	13300	1	KD16!17	false
KD16	1	VPP_AB45011F6A3D2D1CD0BFDDAC	2	18800	1	KD16!18	false
KD16	1	VPP_90CE874CF16BD7DF5853C724	2	27500	1	KD16!19	false
KD16	1	VPP_F6550946F385CE5FCD057EE6	3	3150	1	KD16!24	false
KD16	1	VPP_12C6C299C8B52F6DA4535E0D	10	3550	1	KD16!23	false
KD16	1	VPP_557F9A4DE587202A3AB5CB8F	2	85000	1	KD16!25	false
KD16	1	VPP_322CFB4A487EA26B992AA0FE	2	15000	1	KD16!48	false
KD16	1	VPP_6A5D47BB91281275D6D59983	2	15000	1	KD16!47	false
KD16	1	VPP_BBBD4DC7AA5B255AB4BD7D51	5	2920	1	KD16!49	false
KD16	1	VPP_AA3F6290BF5C5DE5C7A147E4	5	2920	1	KD16!50	false
KD16	1	VPP_7ACB4FE8F8B2F962F9A43170	4	59000	1	KD16!55	false
KD16	2	VPP_F639822CBB882D92AB85CB29	18	2650	1	KD16!57	false
KD16	2	VPP_E33C3FD2E20FAFA535A1C606	10	5200	1	KD16!58	false
KD16	2	VPP_F619979572276FB062A5B165	10	6000	1	KD16!60	false
KD16	2	VPP_506033EA3026EE18CBC0A735	3	11200	1	KD16!59	false
KD16	2	VPP_AC7C38A7F3DD7588B2E65F73	12	7800	1	KD16!61	false
KD16	2	VPP_2D5F01DA9DD63C4779AE3A74	18	15600	1	KD16!62	false
KD16	2	VPP_F61B54D2E6C19B80A008F848	5	19900	1	KD16!63	false
KD16	2	VPP_E4980DFAE852BDE643E58786	1	47000	1	KD16!89	false
KD16	2	VPP_FED83FE7DF0C4F10EE62CD09	4	47000	1	KD16!85	false
KD16	2	VPP_3D31BCF2A549C06B726BE2BC	1	47000	1	KD16!79	false
KD16	2	VPP_4A8A1058110AE57FD3ED8FE8	2	47000	1	KD16!86	false
KD16	2	VPP_3EECFA4A2175BE26CAD1CCDF	2	47000	1	KD16!87	false
KD16	2	VPP_FB1E1BFF9D357F27BC372E36	1	68000	1	KD16!80	false
KD16	2	VPP_2A6DA4A232115E0BD248C2CF	10	10200	1	KD16!65	false
KD16	2	VPP_FD0A3ACBE9242E19D6FF0C21	10	44100	1	KD16!64	false
KD16	2	VPP_4656D210C41D4A62F1C6DC04	2	45000	1	KD16!73	false
KD16	2	VPP_02DEFCD9EE3BFE6EF5B4BF9A	1	46000	1	KD16!88	false
KD16	2	VPP_B4DF94CB1BA5A4DC0529CEEF	20	3250	1	KD16!66	false
KD16	2	VPP_5E42A1F973691A7F95EF48B1	1	6100	1	KD16!67	false
KD16	2	VPP_F71D762546FCCACBABE5E5AD	1	6100	1	KD16!68	false
KD16	2	VPP_1CAD0182C33B0C201E0E7789	4	6100	1	KD16!69	false
KD16	2	VPP_82E05295E74F9547D0D713DC	1	6100	1	KD16!70	false
KD16	2	VPP_703C9346DDE8065468268581	30	4500	1	KD16!72	false
KD16	2	VPP_55AC23311EE4BE8F5CBBCB04	20	4500	1	KD16!71	false
KD16	2	VPP_9512CBA84D4E8BBBC1D68B1A	1	70000	1	KD16!81	false
KD16	2	VPP_8659536188CC0C9955D572B3	5	4800	1	KD16!90	false
KD16	2	VPP_F6839896D74836B75BAB840A	1	80000	1	KD16!82	false
KD16	2	VPP_00F146CF554F30BB71CF8BA9	20	55000	1	KD16!75	false
KD16	2	VPP_26FD4062A3DD797C1C036BA4	20	43500	1	KD16!78	false
KD16	2	VPP_0F05A8140A0628013EB46DCD	250	830	1	KD16!77	false
KD16	2	VPP_7B5DEC16E35EA0BA0606EF7F	1	8900	1	KD16!76	false
KD16	2	VPP_B50F2B25582F9B4C295B4D88	5	29500	1	KD16!83	false
KD16	2	VPP_E5491A02330B5C26E4552961	5	29500	1	KD16!84	false
KD16	2	VPP_49B85DC7CA1938D1BEE9C2FF	1	14500	1	KD16!74	false
KD16	3	VPP_F639822CBB882D92AB85CB29	6	2650	1	KD16!91	false
KD16	3	VPP_AC7C38A7F3DD7588B2E65F73	12	7800	1	KD16!92	false
KD16	3	VPP_2D5F01DA9DD63C4779AE3A74	12	15600	1	KD16!93	false
KD16	3	VPP_F422D1BC1ACB3FD008FB431F	5	1100	1	KD16!111	false
KD16	3	VPP_FED83FE7DF0C4F10EE62CD09	2	47000	1	KD16!112	false
KD16	3	VPP_4A8A1058110AE57FD3ED8FE8	2	47000	1	KD16!113	false
KD16	3	VPP_2A6DA4A232115E0BD248C2CF	20	10200	1	KD16!96	false
KD16	3	VPP_54990981AD8411A4998A2495	5	24700	1	KD16!94	false
KD16	3	VPP_892C433A49B8E0C589E886C4	3	8500	1	KD16!115	false
KD16	3	VPP_FD0A3ACBE9242E19D6FF0C21	3	44100	1	KD16!95	false
KD16	3	VPP_B4DF94CB1BA5A4DC0529CEEF	10	3250	1	KD16!101	false
KD16	3	VPP_653AD43BB4A6338E70F9F0A3	2	11500	1	KD16!102	false
KD16	3	VPP_47C162C20BA3F03DF160D568	2	19500	1	KD16!103	false
KD16	3	VPP_570C0D4B7D678006CEE3149E	1	4500	1	KD16!105	false
KD16	3	VPP_9C3F67284F34AB3F87B61AE3	5	62500	1	KD16!106	false
KD16	3	VPP_0F05A8140A0628013EB46DCD	20	830	1	KD16!110	false
KD16	3	VPP_D488F44A280BB56B0AB8BD81	20	780	1	KD16!109	false
KD16	3	VPP_B345DC72BD6A87306ED6EF11	1	6200	1	KD16!107	false
KD16	3	VPP_07B6EFD202371277FDA7FF55	2	4200	1	KD16!97	false
KD16	3	VPP_A3D298B7B7EE9BA868E74462	2	5800	1	KD16!98	false
KD16	3	VPP_BBBB58908D7F0D6E6F33AEF4	2	8400	1	KD16!99	false
KD16	3	VPP_AB45011F6A3D2D1CD0BFDDAC	2	18800	1	KD16!100	false
KD16	3	VPP_4FA5218353791647D8532A7A	1	12500	1	KD16!108	false
KD16	3	VPP_49B85DC7CA1938D1BEE9C2FF	2	14500	1	KD16!104	false
KD16	3	VPP_7ACB4FE8F8B2F962F9A43170	2	59000	1	KD16!114	false
KD17	3	VPP_07382AD2CA678568F61E68DD	1	42100	1	KD17!6	false
KD17	3	VPP_F639822CBB882D92AB85CB29	5	2650	1	KD17!7	false
KD17	3	VPP_E33C3FD2E20FAFA535A1C606	5	5200	1	KD17!8	false
KD17	3	VPP_F619979572276FB062A5B165	6	6000	1	KD17!9	false
KD17	3	VPP_AC7C38A7F3DD7588B2E65F73	5	7800	1	KD17!10	false
KD17	3	VPP_2D5F01DA9DD63C4779AE3A74	7	15600	1	KD17!11	false
KD17	3	VPP_F61B54D2E6C19B80A008F848	5	19900	1	KD17!12	false
KD17	3	VPP_5161BBEB5E1EE0D8EEA04321	1	47000	1	KD17!40	false
KD17	3	VPP_FED83FE7DF0C4F10EE62CD09	1	47000	1	KD17!85	false
KD17	3	VPP_69068E979D557ADEABF19810	1	47000	1	KD17!41	false
KD17	3	VPP_3EECFA4A2175BE26CAD1CCDF	1	47000	1	KD17!54	false
KD17	3	VPP_FD0A3ACBE9242E19D6FF0C21	5	44100	1	KD17!13	false
KD17	3	VPP_B4DF94CB1BA5A4DC0529CEEF	10	3250	1	KD17!27	false
KD17	3	VPP_1CAD0182C33B0C201E0E7789	5	6100	1	KD17!30	false
KD17	3	VPP_BF074043071874632B0F425A	5	7900	1	KD17!32	false
KD17	3	VPP_083E862BFE14BEC171B5C9BC	5	7900	1	KD17!31	false
KD17	3	VPP_00F146CF554F30BB71CF8BA9	10	55000	1	KD17!75	false
KD17	3	VPP_93951C15077286C47CD4B2B2	8	43500	1	KD17!78	false
KD17	3	VPP_0F05A8140A0628013EB46DCD	200	830	1	KD17!37	false
KD17	3	VPP_7B5DEC16E35EA0BA0606EF7F	1	8900	1	KD17!76	false
KD17	3	VPP_B7BCF0A186AB015B1DC2F02A	2	12800	1	KD17!22	false
KD17	3	VPP_BBBD4DC7AA5B255AB4BD7D51	6	2920	1	KD17!49	false
KD17	3	VPP_49B85DC7CA1938D1BEE9C2FF	1	14500	1	KD17!74	false
KD19	1	VPP_084AC8B1E31EB7C36524411F	2	31500	1	KD19!18	false
KD19	1	VPP_E33C3FD2E20FAFA535A1C606	4	5200	1	KD19!23	false
KD19	1	VPP_F619979572276FB062A5B165	11	6000	2	KD19!9;KD19!24	false
KD19	1	VPP_AC7C38A7F3DD7588B2E65F73	15	7800	1	KD19!11	false
KD19	1	VPP_2D5F01DA9DD63C4779AE3A74	20	15600	1	KD19!10	false
KD19	1	VPP_69068E979D557ADEABF19810	2	47000	1	KD19!33	false
KD19	1	VPP_3D31BCF2A549C06B726BE2BC	2	47000	1	KD19!34	false
KD19	1	VPP_6584B40881F03D8C813B2D72	20	1450	1	KD19!17	false
KD19	1	VPP_980FA2A1AAA8AF7B40E21F73	1	30100	1	KD19!12	false
KD19	1	VPP_FD0A3ACBE9242E19D6FF0C21	14	44100	2	KD19!19;KD19!26	false
KD19	1	VPP_C61F3271D5EA2C67481FB4DA	2	3900	1	KD19!31	false
KD19	1	VPP_B4DF94CB1BA5A4DC0529CEEF	2	3250	1	KD19!41	false
KD19	1	VPP_653AD43BB4A6338E70F9F0A3	1	11500	1	KD19!15	false
KD19	1	VPP_2E8036912C0C118193AE0FB3	4	2900	2	KD19!27;KD19!45	false
KD19	1	VPP_5E42A1F973691A7F95EF48B1	2	6100	1	KD19!43	false
KD19	1	VPP_F57370A7282AFEA6EBC72314	3	6800	1	KD19!20	false
KD19	1	VPP_BF074043071874632B0F425A	2	7900	1	KD19!14	false
KD19	1	VPP_47C162C20BA3F03DF160D568	4	19500	3	KD19!29;KD19!37;KD19!44	false
KD19	1	VPP_8FCF6EE882D1BCFE2AE23D5A	1	150000	1	KD19!6	false
KD19	1	VPP_9C3F67284F34AB3F87B61AE3	10	62500	1	KD19!30	false
KD19	1	VPP_93951C15077286C47CD4B2B2	2	43500	1	KD19!35	false
KD19	1	VPP_0F05A8140A0628013EB46DCD	1000	830	1	KD19!39	false
KD19	1	VPP_D488F44A280BB56B0AB8BD81	50	780	1	KD19!28	false
KD19	1	VPP_7B5DEC16E35EA0BA0606EF7F	3	8900	1	KD19!7	false
KD19	1	VPP_4A9B9544CFEC772FC56A0349	1	186000	1	KD19!8	false
KD19	1	VPP_7D250C1FBE3103C38C58497E	1	4400	1	KD19!36	false
KD19	1	VPP_C1D34AB5F87F89A871AC54FA	2	45000	2	KD19!25;KD19!48	false
KD19	1	VPP_4BDD62C632862AF38A8DA267	1	98000	1	KD19!47	false
KD19	1	VPP_4D4DDAF9A4BC66E7398C7E6F	1	5600	1	KD19!21	false
KD19	1	VPP_C93139806E5E6FA7B6108E20	5	15200	2	KD19!13;KD19!38	false
KD19	1	VPP_A3D298B7B7EE9BA868E74462	1	5800	1	KD19!22	false
KD19	1	VPP_28E41B339162216342FBB9C1	1	105000	1	KD19!46	false
KD19	1	VPP_CB0ABB8B0ED4AF899AFDFDB1	1	12000	1	KD19!16	false
KD19	1	VPP_3B454C60EC704AE741E1DA37	1	4900	1	KD19!40	false
KD19	1	VPP_BCC5BFC825A42ECB8383D35F	7	9900	2	KD19!32;KD19!42	false
KD19	2	VPP_084AC8B1E31EB7C36524411F	1	31500	1	KD19!49	false
KD19	3	VPP_F619979572276FB062A5B165	10	6000	1	KD19!61	false
KD19	3	VPP_AC7C38A7F3DD7588B2E65F73	12	7800	1	KD19!63	false
KD19	3	VPP_2D5F01DA9DD63C4779AE3A74	20	15600	1	KD19!62	false
KD19	3	VPP_F61B54D2E6C19B80A008F848	2	19900	1	KD19!70	false
KD19	3	VPP_69068E979D557ADEABF19810	7	47000	1	KD19!50	false
KD19	3	VPP_3D31BCF2A549C06B726BE2BC	6	47000	1	KD19!51	false
KD19	3	VPP_E1359D67A50137B334D8A684	20	1800	1	KD19!73	false
KD19	3	VPP_FD0A3ACBE9242E19D6FF0C21	6	44100	1	KD19!53	false
KD19	3	VPP_57741C38387602E8ED9CB12E	5	3250	1	KD19!58	false
KD19	3	VPP_B4DF94CB1BA5A4DC0529CEEF	10	3250	1	KD19!57	false
KD19	3	VPP_BF074043071874632B0F425A	5	7900	1	KD19!71	false
KD19	3	VPP_083E862BFE14BEC171B5C9BC	10	7900	1	KD19!59	false
KD19	3	VPP_0C8815EFBEF04F6F413674EF	2	8200	1	KD19!69	false
KD19	3	VPP_4992936A17ADEB7C8C8958DC	2	4500	1	KD19!56	false
KD19	3	VPP_47C162C20BA3F03DF160D568	4	19500	1	KD19!55	false
KD19	3	VPP_6C6744BFEC7F53DDA9586720	1	24000	1	KD19!75	false
KD19	3	VPP_5AB888C81E12AB282BBC471E	1	70000	1	KD19!72	false
KD19	3	VPP_75A7DA6F764F4FF67BF88326	1	85000	1	KD19!74	false
KD19	3	VPP_9C3F67284F34AB3F87B61AE3	10	62500	1	KD19!52	false
KD19	3	VPP_93951C15077286C47CD4B2B2	13	43500	2	KD19!54;KD19!68	false
KD19	3	VPP_0F05A8140A0628013EB46DCD	500	830	1	KD19!65	false
KD19	3	VPP_D488F44A280BB56B0AB8BD81	50	780	1	KD19!64	false
KD19	3	VPP_7B5DEC16E35EA0BA0606EF7F	2	8900	1	KD19!83	false
KD19	3	VPP_4D4DDAF9A4BC66E7398C7E6F	3	5600	2	KD19!66;KD19!84	false
KD19	3	VPP_C93139806E5E6FA7B6108E20	4	15200	2	KD19!60;KD19!67	false
KD19	3	VPP_76BD498E14C8287EA54507F2	2	39500	1	KD19!81	false
KD19	3	VPP_6455C9867B3041E8E98BA8A6	1	44000	1	KD19!82	false
KD2	1	VPP_F619979572276FB062A5B165	35	6000	1	KD2!242	false
KD2	1	VPP_AC7C38A7F3DD7588B2E65F73	15	7800	1	KD2!243	false
KD2	1	VPP_2D5F01DA9DD63C4779AE3A74	30	15600	1	KD2!244	false
KD2	1	VPP_F61B54D2E6C19B80A008F848	30	19900	1	KD2!245	false
KD2	1	VPP_C0C56DD228F442B4D39D8CCC	1	47000	1	KD2!246	false
KD2	1	VPP_69068E979D557ADEABF19810	10	47000	1	KD2!247	false
KD2	1	VPP_63DB06C4AFC579D2541D75D1	60	10200	1	KD2!248	false
KD2	1	VPP_FD0A3ACBE9242E19D6FF0C21	2	44100	1	KD2!249	false
KD2	1	VPP_668C8430005C6771ADB62800	5	9300	1	KD2!250	false
KD2	1	VPP_2E8036912C0C118193AE0FB3	1	2900	1	KD2!253	false
KD2	1	VPP_083E862BFE14BEC171B5C9BC	4	7900	1	KD2!251	false
KD2	1	VPP_E18F602781ED69156EA49BFA	1	18300	1	KD2!252	false
KD2	1	VPP_9512CBA84D4E8BBBC1D68B1A	1	70000	1	KD2!254	false
KD2	1	VPP_A26CE18196F7EAC5E6DD5F65	1	10500	1	KD2!255	false
KD2	1	VPP_75A7DA6F764F4FF67BF88326	1	85000	1	KD2!256	false
KD2	1	VPP_9C3F67284F34AB3F87B61AE3	10	62500	1	KD2!263	false
KD2	1	VPP_4D4DDAF9A4BC66E7398C7E6F	1	5600	1	KD2!257	false
KD2	1	VPP_F331289BEBF74D733CB9CC70	1	79000	1	KD2!258	false
KD2	1	VPP_C93139806E5E6FA7B6108E20	5	15200	1	KD2!259	false
KD2	1	VPP_12C6C299C8B52F6DA4535E0D	2	3550	1	KD2!260	false
KD2	1	VPP_6288F59F6E4539B5E54FEC77	1	45000	1	KD2!261	false
KD2	1	VPP_D6A9098D71BEA30D06FEBA85	1	39500	1	KD2!262	false
KD2	1	VPP_0DE8EFF9C0013E2A6BD9B255	1	195000	1	KD2!264	false
KD2	2	VPP_E33C3FD2E20FAFA535A1C606	15	5200	1	KD2!6	false
KD2	2	VPP_F619979572276FB062A5B165	20	6000	1	KD2!10	false
KD2	2	VPP_AC7C38A7F3DD7588B2E65F73	30	7800	1	KD2!9	false
KD2	2	VPP_2D5F01DA9DD63C4779AE3A74	10	15600	1	KD2!7	false
KD2	2	VPP_F61B54D2E6C19B80A008F848	4	19900	1	KD2!8	false
KD2	2	VPP_3D31BCF2A549C06B726BE2BC	4	47000	1	KD2!25	false
KD2	2	VPP_4A8A1058110AE57FD3ED8FE8	8	47000	1	KD2!27	false
KD2	2	VPP_9E8946F2D6E8FFE6CBFE3D6C	4	47000	1	KD2!26	false
KD2	2	VPP_63DB06C4AFC579D2541D75D1	70	10200	1	KD2!11	false
KD2	2	VPP_FD0A3ACBE9242E19D6FF0C21	7	44100	2	KD2!12;KD2!37	false
KD2	2	VPP_4656D210C41D4A62F1C6DC04	1	45000	1	KD2!20	false
KD2	2	VPP_668C8430005C6771ADB62800	5	9300	1	KD2!13	false
KD2	2	VPP_B4DF94CB1BA5A4DC0529CEEF	10	3250	1	KD2!17	false
KD2	2	VPP_2E8036912C0C118193AE0FB3	7	2900	1	KD2!15	false
KD2	2	VPP_1CAD0182C33B0C201E0E7789	4	6100	1	KD2!18	false
KD2	2	VPP_083E862BFE14BEC171B5C9BC	15	7900	1	KD2!14	false
KD2	2	VPP_47C162C20BA3F03DF160D568	1	19500	1	KD2!19	false
KD2	2	VPP_570C0D4B7D678006CEE3149E	3	4500	2	KD2!16;KD2!36	false
KD2	2	VPP_2A402D6E5459B3188E0B6D82	1	150000	1	KD2!35	false
KD2	2	VPP_9C3F67284F34AB3F87B61AE3	10	62500	1	KD2!21	false
KD2	2	VPP_93951C15077286C47CD4B2B2	3	43500	1	KD2!22	false
KD2	2	VPP_7D250C1FBE3103C38C58497E	7	4400	1	KD2!29	false
KD2	2	VPP_B7BCF0A186AB015B1DC2F02A	1	12800	1	KD2!23	false
KD2	2	VPP_CC33E2FE55C2A3F2F5CCA739	1	240000	1	KD2!24	false
KD2	2	VPP_6288F59F6E4539B5E54FEC77	1	45000	1	KD2!28	false
KD2	2	VPP_0DE8EFF9C0013E2A6BD9B255	1	195000	1	KD2!31	false
KD2	2	VPP_B50F2B25582F9B4C295B4D88	2	29500	1	KD2!30	false
KD2	2	VPP_43F6696D3B8A63C2D48C26B7	1	5200	1	KD2!33	false
KD2	2	VPP_80180D0293A6A1B1B8EE13D1	1	28500	1	KD2!32	false
KD2	2	VPP_3B454C60EC704AE741E1DA37	1	4900	1	KD2!34	false
KD2	3	VPP_536B016CF5503C41A3205D37	4	47000	1	KD2!44	false
KD2	3	VPP_1B1A221F74BCB87C1072F85A	2	53100	1	KD2!40	false
KD2	3	VPP_4656D210C41D4A62F1C6DC04	1	45000	1	KD2!46	false
KD2	3	VPP_6A721030CDE5BD1BCD7B271F	2	3250	1	KD2!52	false
KD2	3	VPP_B4DF94CB1BA5A4DC0529CEEF	5	3250	1	KD2!43	false
KD2	3	VPP_BF074043071874632B0F425A	2	7900	1	KD2!50	false
KD2	3	VPP_083E862BFE14BEC171B5C9BC	10	7900	1	KD2!49	false
KD2	3	VPP_4D4DDAF9A4BC66E7398C7E6F	1	5600	1	KD2!53	false
KD2	3	VPP_B7BCF0A186AB015B1DC2F02A	1	12800	1	KD2!48	false
KD2	3	VPP_C93139806E5E6FA7B6108E20	1	15200	1	KD2!47	false
KD2	3	VPP_0DE8EFF9C0013E2A6BD9B255	1	195000	1	KD2!42	false
KD2	3	VPP_B50F2B25582F9B4C295B4D88	5	29500	1	KD2!39	false
KD2	3	VPP_5E486296B2A1A4C1670C9C08	2	13500	1	KD2!38	false
KD2	3	VPP_DEDD04BBE05E19AD3BA7794C	1	45000	1	KD2!41	false
KD2	3	VPP_3B454C60EC704AE741E1DA37	1	4900	1	KD2!45	false
KD2	4	VPP_F639822CBB882D92AB85CB29	5	2650	1	KD2!79	false
KD2	4	VPP_F619979572276FB062A5B165	1	6000	1	KD2!84	false
KD2	4	VPP_AC7C38A7F3DD7588B2E65F73	10	7800	1	KD2!80	false
KD2	4	VPP_668C8430005C6771ADB62800	5	9300	1	KD2!51	false
KD2	4	VPP_BABCBD60B3E6739439A79348	1	11000	1	KD2!82	false
KD2	4	VPP_00F146CF554F30BB71CF8BA9	10	55000	1	KD2!83	false
KD2	4	VPP_C93139806E5E6FA7B6108E20	2	15200	1	KD2!81	false
KD2	5	VPP_084AC8B1E31EB7C36524411F	1	31500	1	KD2!86	false
KD2	5	VPP_B4DF94CB1BA5A4DC0529CEEF	3	3250	1	KD2!85	false
KD2	5	VPP_82E05295E74F9547D0D713DC	1	6100	1	KD2!88	false
KD2	5	VPP_47C162C20BA3F03DF160D568	1	19500	1	KD2!91	false
KD2	5	VPP_9C3F67284F34AB3F87B61AE3	10	62500	1	KD2!89	false
KD2	5	VPP_C93139806E5E6FA7B6108E20	1	15200	1	KD2!90	false
KD2	5	VPP_5E486296B2A1A4C1670C9C08	1	13500	1	KD2!87	false
KD2	6	VPP_084AC8B1E31EB7C36524411F	1	31500	1	KD2!106	false
KD2	6	VPP_F639822CBB882D92AB85CB29	2	2650	1	KD2!95	false
KD2	6	VPP_F619979572276FB062A5B165	23	6000	1	KD2!96	false
KD2	6	VPP_AC7C38A7F3DD7588B2E65F73	20	7800	1	KD2!92	false
KD2	6	VPP_2D5F01DA9DD63C4779AE3A74	15	15600	1	KD2!93	false
KD2	6	VPP_F61B54D2E6C19B80A008F848	15	19900	1	KD2!94	false
KD2	6	VPP_FD0A3ACBE9242E19D6FF0C21	3	44100	1	KD2!104	false
KD2	6	VPP_4656D210C41D4A62F1C6DC04	1	45000	1	KD2!103	false
KD2	6	VPP_DED50ACDCD723F5C78B696EF	1	3250	1	KD2!101	false
KD2	6	VPP_668C8430005C6771ADB62800	6	9300	1	KD2!108	false
KD2	6	VPP_F34C1D7B96106C05D05D86F8	2	3250	1	KD2!97	false
KD2	6	VPP_6A721030CDE5BD1BCD7B271F	2	3250	1	KD2!100	false
KD2	6	VPP_BF074043071874632B0F425A	6	7900	1	KD2!98	false
KD2	6	VPP_083E862BFE14BEC171B5C9BC	10	7900	1	KD2!99	false
KD2	6	VPP_4992936A17ADEB7C8C8958DC	1	4500	1	KD2!110	false
KD2	6	VPP_245486DA962A9877944D297F	1	29000	1	KD2!123	false
KD2	6	VPP_5AB888C81E12AB282BBC471E	1	70000	1	KD2!122	false
KD2	6	VPP_2A402D6E5459B3188E0B6D82	3	150000	2	KD2!121;KD2!125	false
KD2	6	VPP_00F146CF554F30BB71CF8BA9	10	55000	1	KD2!107	false
KD2	6	VPP_B7BCF0A186AB015B1DC2F02A	2	12800	1	KD2!109	false
KD2	6	VPP_C93139806E5E6FA7B6108E20	1	15200	1	KD2!105	false
KD2	6	VPP_5E486296B2A1A4C1670C9C08	1	13500	1	KD2!102	false
KD2	6	VPP_3B454C60EC704AE741E1DA37	1	4900	1	KD2!124	false
KD2	7	VPP_E33C3FD2E20FAFA535A1C606	1	5200	1	KD2!131	false
KD2	7	VPP_F619979572276FB062A5B165	3	6000	1	KD2!132	false
KD2	7	VPP_AC7C38A7F3DD7588B2E65F73	20	7800	1	KD2!134	false
KD2	7	VPP_2D5F01DA9DD63C4779AE3A74	6	15600	1	KD2!135	false
KD2	7	VPP_F61B54D2E6C19B80A008F848	6	19900	1	KD2!136	false
KD2	7	VPP_63DB06C4AFC579D2541D75D1	40	10200	1	KD2!129	false
KD2	7	VPP_2A6DA4A232115E0BD248C2CF	10	10200	1	KD2!128	false
KD2	7	VPP_FD0A3ACBE9242E19D6FF0C21	4	44100	1	KD2!143	false
KD2	7	VPP_D3D6184575331F724008F1C0	1	3250	1	KD2!130	false
KD2	7	VPP_6A721030CDE5BD1BCD7B271F	6	3250	1	KD2!133	false
KD2	7	VPP_2E8036912C0C118193AE0FB3	2	2900	1	KD2!144	false
KD2	7	VPP_1FA67E442AD5264E224ABC21	2	2950	1	KD2!137	false
KD2	7	VPP_083E862BFE14BEC171B5C9BC	10	7900	1	KD2!127	false
KD2	7	VPP_2A402D6E5459B3188E0B6D82	1	150000	1	KD2!139	false
KD2	7	VPP_26FD4062A3DD797C1C036BA4	1	43500	1	KD2!138	false
KD2	7	VPP_93951C15077286C47CD4B2B2	5	43500	1	KD2!145	false
KD2	7	VPP_B7BCF0A186AB015B1DC2F02A	1	12800	1	KD2!126	false
KD2	7	VPP_C93139806E5E6FA7B6108E20	2	15200	1	KD2!142	false
KD2	7	VPP_BBBB58908D7F0D6E6F33AEF4	2	8400	1	KD2!140	false
KD2	7	VPP_F6550946F385CE5FCD057EE6	2	3150	1	KD2!141	false
KD2	8	VPP_340BFF6E0D3B4675D74EE392	1	57900	1	KD2!151	false
KD2	8	VPP_E33C3FD2E20FAFA535A1C606	2	5200	1	KD2!149	false
KD2	8	VPP_F619979572276FB062A5B165	2	6000	1	KD2!150	false
KD2	8	VPP_2D5F01DA9DD63C4779AE3A74	10	15600	1	KD2!146	false
KD2	8	VPP_F61B54D2E6C19B80A008F848	5	19900	1	KD2!147	false
KD2	8	VPP_04711541D044B314488B2993	1	14100	1	KD2!148	false
KD2	8	VPP_E1359D67A50137B334D8A684	40	1800	1	KD2!168	false
KD2	8	VPP_FE45845BBD3C5EA61323FD99	1	68000	1	KD2!166	false
KD2	8	VPP_63DB06C4AFC579D2541D75D1	20	10200	1	KD2!153	false
KD2	8	VPP_FD0A3ACBE9242E19D6FF0C21	10	44100	1	KD2!152	false
KD2	8	VPP_4656D210C41D4A62F1C6DC04	2	45000	1	KD2!159	false
KD2	8	VPP_6A721030CDE5BD1BCD7B271F	3	3250	1	KD2!158	false
KD2	8	VPP_DA6F8E6B8635CC080F254869	3	10500	1	KD2!156	false
KD2	8	VPP_BF074043071874632B0F425A	7	7900	1	KD2!155	false
KD2	8	VPP_083E862BFE14BEC171B5C9BC	7	7900	1	KD2!154	false
KD2	8	VPP_47C162C20BA3F03DF160D568	4	19500	1	KD2!157	false
KD2	8	VPP_9512CBA84D4E8BBBC1D68B1A	1	70000	1	KD2!169	false
KD2	8	VPP_2A402D6E5459B3188E0B6D82	2	150000	1	KD2!164	false
KD2	8	VPP_9C3F67284F34AB3F87B61AE3	5	62500	1	KD2!161	false
KD2	8	VPP_C1D34AB5F87F89A871AC54FA	1	45000	1	KD2!167	false
KD2	8	VPP_B7BCF0A186AB015B1DC2F02A	2	12800	1	KD2!163	false
KD2	8	VPP_C93139806E5E6FA7B6108E20	4	15200	1	KD2!162	false
KD2	8	VPP_BBBD4DC7AA5B255AB4BD7D51	2	2920	1	KD2!170	false
KD2	8	VPP_6455C9867B3041E8E98BA8A6	1	44000	1	KD2!165	false
KD2	8	VPP_49B85DC7CA1938D1BEE9C2FF	1	14500	1	KD2!160	false
KD2	8	VPP_3B454C60EC704AE741E1DA37	4	4900	1	KD2!171	false
KD2	9	VPP_E33C3FD2E20FAFA535A1C606	5	5200	1	KD2!175	false
KD2	9	VPP_F619979572276FB062A5B165	10	6000	1	KD2!176	false
KD2	9	VPP_AC7C38A7F3DD7588B2E65F73	1	7800	1	KD2!180	false
KD2	9	VPP_2D5F01DA9DD63C4779AE3A74	15	15600	2	KD2!174;KD2!191	false
KD2	9	VPP_7EF46F1E0E1F40F7D2FBF220	3	47000	1	KD2!177	false
KD2	9	VPP_63DB06C4AFC579D2541D75D1	30	10200	1	KD2!173	false
KD2	9	VPP_FD0A3ACBE9242E19D6FF0C21	1	44100	1	KD2!192	false
KD2	9	VPP_B4DF94CB1BA5A4DC0529CEEF	6	3250	1	KD2!172	false
KD2	9	VPP_DA6F8E6B8635CC080F254869	2	10500	1	KD2!181	false
KD2	9	VPP_BABCBD60B3E6739439A79348	2	11000	1	KD2!189	false
KD2	9	VPP_D5F6FF48E993F4A116E48604	1	38000	1	KD2!190	false
KD2	9	VPP_00F146CF554F30BB71CF8BA9	5	55000	1	KD2!186	false
KD2	9	VPP_7D250C1FBE3103C38C58497E	2	4400	1	KD2!184	false
KD2	9	VPP_C93139806E5E6FA7B6108E20	1	15200	1	KD2!183	false
KD2	9	VPP_CC33E2FE55C2A3F2F5CCA739	1	240000	1	KD2!179	false
KD2	9	VPP_B50F2B25582F9B4C295B4D88	5	29500	2	KD2!185;KD2!187	false
KD2	9	VPP_6455C9867B3041E8E98BA8A6	2	44000	1	KD2!178	false
KD2	9	VPP_49B85DC7CA1938D1BEE9C2FF	2	14500	1	KD2!182	false
KD2	9	VPP_98D89B8E220D2157F1F181DE	1	32000	1	KD2!188	false
KD2	10	VPP_084AC8B1E31EB7C36524411F	2	31500	1	KD2!195	false
KD2	10	VPP_F619979572276FB062A5B165	13	6000	1	KD2!194	false
KD2	10	VPP_AC7C38A7F3DD7588B2E65F73	2	7800	1	KD2!193	false
KD2	10	VPP_F61B54D2E6C19B80A008F848	1	19900	1	KD2!196	false
KD2	10	VPP_69068E979D557ADEABF19810	3	47000	1	KD2!208	false
KD2	10	VPP_63DB06C4AFC579D2541D75D1	20	10200	1	KD2!198	false
KD2	10	VPP_FD0A3ACBE9242E19D6FF0C21	6	44100	1	KD2!197	false
KD2	10	VPP_4656D210C41D4A62F1C6DC04	1	45000	1	KD2!199	false
KD2	10	VPP_B4DF94CB1BA5A4DC0529CEEF	6	3250	1	KD2!204	false
KD2	10	VPP_BF074043071874632B0F425A	12	7900	1	KD2!201	false
KD2	10	VPP_5177513D677876CCBF44A9FF	3	7900	1	KD2!200	false
KD2	10	VPP_083E862BFE14BEC171B5C9BC	24	7900	1	KD2!202	false
KD2	10	VPP_4992936A17ADEB7C8C8958DC	4	4500	1	KD2!203	false
KD2	10	VPP_00F146CF554F30BB71CF8BA9	6	55000	1	KD2!205	false
KD2	10	VPP_4D4DDAF9A4BC66E7398C7E6F	2	5600	1	KD2!206	false
KD2	10	VPP_C93139806E5E6FA7B6108E20	3	15200	1	KD2!207	false
KD2	10	VPP_881440E404E080752B6FBC66	1	42000	1	KD2!210	false
KD2	10	VPP_DCE9C79306F0C3889C774921	1	195000	1	KD2!209	false
KD2	10	VPP_80180D0293A6A1B1B8EE13D1	1	28500	1	KD2!211	false
KD2	11	VPP_084AC8B1E31EB7C36524411F	1	31500	1	KD2!216	false
KD2	11	VPP_F619979572276FB062A5B165	12	6000	1	KD2!212	false
KD2	11	VPP_AC7C38A7F3DD7588B2E65F73	4	7800	1	KD2!215	false
KD2	11	VPP_2D5F01DA9DD63C4779AE3A74	15	15600	1	KD2!213	false
KD2	11	VPP_F61B54D2E6C19B80A008F848	12	19900	1	KD2!214	false
KD2	11	VPP_69068E979D557ADEABF19810	5	47000	1	KD2!230	false
KD2	11	VPP_A618327B920C8E4469F3DB6D	20	950	1	KD2!231	false
KD2	11	VPP_A405DA15E4DC8D727A4D280A	2	68000	1	KD2!234	false
KD2	11	VPP_FE45845BBD3C5EA61323FD99	1	68000	1	KD2!232	false
KD2	11	VPP_63DB06C4AFC579D2541D75D1	30	10200	1	KD2!217	false
KD2	11	VPP_FD0A3ACBE9242E19D6FF0C21	8	44100	1	KD2!218	false
KD2	11	VPP_668C8430005C6771ADB62800	5	9300	1	KD2!222	false
KD2	11	VPP_B4DF94CB1BA5A4DC0529CEEF	6	3250	1	KD2!224	false
KD2	11	VPP_2E8036912C0C118193AE0FB3	3	2900	1	KD2!223	false
KD2	11	VPP_1FA67E442AD5264E224ABC21	1	2950	1	KD2!225	false
KD2	11	VPP_BF074043071874632B0F425A	5	7900	1	KD2!221	false
KD2	11	VPP_083E862BFE14BEC171B5C9BC	7	7900	1	KD2!220	false
KD2	11	VPP_570C0D4B7D678006CEE3149E	1	4500	1	KD2!219	false
KD2	11	VPP_9C3F67284F34AB3F87B61AE3	8	62500	1	KD2!227	false
KD2	11	VPP_D488F44A280BB56B0AB8BD81	100	780	1	KD2!226	false
KD2	11	VPP_C93139806E5E6FA7B6108E20	1	15200	1	KD2!229	false
KD2	11	VPP_12C6C299C8B52F6DA4535E0D	6	3550	1	KD2!228	false
KD2	11	VPP_881440E404E080752B6FBC66	1	42000	1	KD2!235	false
KD2	11	VPP_B50F2B25582F9B4C295B4D88	3	29500	1	KD2!233	false
KD2	12	VPP_F619979572276FB062A5B165	20	6000	1	KD2!237	false
KD2	12	VPP_AC7C38A7F3DD7588B2E65F73	20	7800	1	KD2!236	false
KD2	12	VPP_2D5F01DA9DD63C4779AE3A74	15	15600	1	KD2!238	false
KD2	12	VPP_F61B54D2E6C19B80A008F848	5	19900	1	KD2!239	false
KD2	12	VPP_63DB06C4AFC579D2541D75D1	60	10200	1	KD2!240	false
KD2	12	VPP_6A721030CDE5BD1BCD7B271F	5	3250	1	KD2!241	false
KD25	1	VPP_F619979572276FB062A5B165	2	6000	1	KD25!6	false
KD25	1	VPP_AC7C38A7F3DD7588B2E65F73	14	7800	1	KD25!7	false
KD25	1	VPP_2D5F01DA9DD63C4779AE3A74	11	15600	1	KD25!8	false
KD25	1	VPP_F61B54D2E6C19B80A008F848	2	19900	1	KD25!9	false
KD25	1	VPP_1F128F6A4E98CD8C6210DC91	3	47000	1	KD25!10	false
KD25	1	VPP_E4980DFAE852BDE643E58786	2	47000	1	KD25!11	false
KD25	1	VPP_536B016CF5503C41A3205D37	3	47000	1	KD25!12	false
KD25	1	VPP_BB4677E6E6CE6968E099DDD8	4	47000	1	KD25!13	false
KD25	1	VPP_9743CEC7C70351023EE934C7	5	18700	1	KD25!14	false
KD25	1	VPP_1B1A221F74BCB87C1072F85A	3	53100	1	KD25!15	false
KD25	1	VPP_FD0A3ACBE9242E19D6FF0C21	4	44100	1	KD25!16	false
KD25	1	VPP_DED50ACDCD723F5C78B696EF	2	3250	1	KD25!17	false
KD25	1	VPP_B4DF94CB1BA5A4DC0529CEEF	5	3250	1	KD25!18	false
KD25	1	VPP_2F0754FF849B2148B0E1523F	2	7200	1	KD25!19	false
KD25	1	VPP_083E862BFE14BEC171B5C9BC	4	7900	1	KD25!20	false
KD25	1	VPP_6C6744BFEC7F53DDA9586720	1	24000	1	KD25!21	false
KD25	1	VPP_9C3F67284F34AB3F87B61AE3	9	62500	1	KD25!22	false
KD25	1	VPP_B345DC72BD6A87306ED6EF11	1	6200	1	KD25!23	false
KD25	1	VPP_A3D298B7B7EE9BA868E74462	2	5800	1	KD25!24	false
KD25	1	VPP_29D7F7162C43C555EB080572	2	13300	1	KD25!25	false
KD25	1	VPP_90CE874CF16BD7DF5853C724	2	27500	1	KD25!26	false
KD25	1	VPP_12C6C299C8B52F6DA4535E0D	7	3550	1	KD25!27	false
KD25	1	VPP_B50F2B25582F9B4C295B4D88	1	29500	1	KD25!28	false
KD25	1	VPP_D63D923FB2AB6BB00B3A2EA4	2	36500	1	KD25!29	false
KD25	1	VPP_334696A10FF96A05500F0969	1	18500	1	KD25!30	false
KD25	2	VPP_620DAB8ECFE7336B86A971F8	1	3150	1	KD25!31	false
KD25	2	VPP_F619979572276FB062A5B165	1	6000	1	KD25!32	false
KD25	2	VPP_AC7C38A7F3DD7588B2E65F73	1	7800	1	KD25!33	false
KD25	2	VPP_2D5F01DA9DD63C4779AE3A74	6	15600	1	KD25!34	false
KD25	2	VPP_F61B54D2E6C19B80A008F848	3	19900	1	KD25!35	false
KD25	2	VPP_5161BBEB5E1EE0D8EEA04321	1	47000	1	KD25!36	false
KD25	2	VPP_536B016CF5503C41A3205D37	1	47000	1	KD25!37	false
KD25	2	VPP_BB4677E6E6CE6968E099DDD8	2	47000	1	KD25!38	false
KD25	2	VPP_FED83FE7DF0C4F10EE62CD09	3	47000	1	KD25!39	false
KD25	2	VPP_4A8A1058110AE57FD3ED8FE8	2	47000	1	KD25!40	false
KD25	2	VPP_29D349D7C0F342CBBDF55ABE	1	68000	1	KD25!41	false
KD25	2	VPP_1B1A221F74BCB87C1072F85A	11	53100	1	KD25!42	false
KD25	2	VPP_4656D210C41D4A62F1C6DC04	1	45000	1	KD25!43	false
KD25	2	VPP_B4DF94CB1BA5A4DC0529CEEF	10	3250	1	KD25!44	false
KD25	2	VPP_F57370A7282AFEA6EBC72314	1	6800	1	KD25!45	false
KD25	2	VPP_FC78548B8D51584D97F9D7DD	1	6800	1	KD25!46	false
KD25	2	VPP_48B228F0E3896B14789E6066	1	6800	1	KD25!47	false
KD25	2	VPP_BF074043071874632B0F425A	2	7900	1	KD25!48	false
KD25	2	VPP_5177513D677876CCBF44A9FF	3	7900	1	KD25!49	false
KD25	2	VPP_083E862BFE14BEC171B5C9BC	3	7900	1	KD25!50	false
KD25	2	VPP_9C3F67284F34AB3F87B61AE3	4	62500	1	KD25!51	false
KD25	2	VPP_8907E31DC17126301A48F565	5	6800	1	KD25!52	false
KD25	2	VPP_C93139806E5E6FA7B6108E20	1	15200	1	KD25!53	false
KD25	2	VPP_B97016D5C63AE43B47541BE6	1	9100	1	KD25!54	false
KD25	3	VPP_AC7C38A7F3DD7588B2E65F73	6	7800	1	KD25!55	false
KD25	3	VPP_2D5F01DA9DD63C4779AE3A74	2	15600	1	KD25!56	false
KD25	3	VPP_F61B54D2E6C19B80A008F848	4	19900	1	KD25!57	false
KD25	3	VPP_BB4677E6E6CE6968E099DDD8	2	47000	1	KD25!58	false
KD25	3	VPP_FED83FE7DF0C4F10EE62CD09	3	47000	1	KD25!59	false
KD25	3	VPP_4A8A1058110AE57FD3ED8FE8	2	47000	1	KD25!60	false
KD25	3	VPP_63DB06C4AFC579D2541D75D1	30	10200	1	KD25!61	false
KD25	3	VPP_1B1A221F74BCB87C1072F85A	7	53100	1	KD25!62	false
KD25	3	VPP_57741C38387602E8ED9CB12E	2	3250	1	KD25!63	false
KD25	3	VPP_DED50ACDCD723F5C78B696EF	2	3250	1	KD25!64	false
KD25	3	VPP_B4DF94CB1BA5A4DC0529CEEF	1	3250	1	KD25!65	false
KD25	3	VPP_E28FC4A10C0381542A669396	1	6800	1	KD25!66	false
KD25	3	VPP_BF074043071874632B0F425A	1	7900	1	KD25!67	false
KD25	3	VPP_5177513D677876CCBF44A9FF	1	7900	1	KD25!68	false
KD25	3	VPP_083E862BFE14BEC171B5C9BC	3	7900	1	KD25!69	false
KD25	3	VPP_9C3F67284F34AB3F87B61AE3	4	62500	1	KD25!70	false
KD25	3	VPP_3DE0970483AEBF6C555AF40C	1	48000	1	KD25!71	false
KD25	3	VPP_FEB6C14CDD19F732CDDECC14	1	17500	1	KD25!72	false
KD25	3	VPP_B227921013D15697216EA500	5	12500	1	KD25!73	false
KD26	1	VPP_F639822CBB882D92AB85CB29	20	2650	1	KD26!6	false
KD26	1	VPP_F619979572276FB062A5B165	10	6000	1	KD26!7	false
KD26	1	VPP_506033EA3026EE18CBC0A735	5	11200	1	KD26!8	false
KD26	1	VPP_AC7C38A7F3DD7588B2E65F73	20	7800	1	KD26!9	false
KD26	1	VPP_F61B54D2E6C19B80A008F848	3	19900	1	KD26!10	false
KD26	1	VPP_FA6E27AF1296E3EE49CE969C	3	2600	1	KD26!11	false
KD26	1	VPP_69068E979D557ADEABF19810	6	59000	1	KD26!12	false
KD26	1	VPP_3D31BCF2A549C06B726BE2BC	8	59000	1	KD26!13	false
KD26	1	VPP_FB1E1BFF9D357F27BC372E36	1	86000	1	KD26!14	false
KD26	1	VPP_FE45845BBD3C5EA61323FD99	1	86000	1	KD26!15	false
KD26	1	VPP_63DB06C4AFC579D2541D75D1	20	10200	1	KD26!16	false
KD26	1	VPP_1B1A221F74BCB87C1072F85A	1	53100	1	KD26!17	false
KD26	1	VPP_3F3E1B8810901327FC4EF9A2	2	22500	1	KD26!18	false
KD26	1	VPP_668C8430005C6771ADB62800	4	9300	1	KD26!19	false
KD26	1	VPP_BF074043071874632B0F425A	2	7300	1	KD26!20	false
KD26	1	VPP_083E862BFE14BEC171B5C9BC	3	7300	1	KD26!21	false
KD26	1	VPP_0C8815EFBEF04F6F413674EF	2	7500	1	KD26!22	false
KD26	1	VPP_75A7DA6F764F4FF67BF88326	1	85000	1	KD26!33	false
KD26	1	VPP_9C3F67284F34AB3F87B61AE3	14	62500	1	KD26!23	false
KD26	1	VPP_5ED136018C5600AD92077AFB	2	68500	1	KD26!24	false
KD26	1	VPP_93951C15077286C47CD4B2B2	2	43500	1	KD26!25	false
KD26	1	VPP_044B605501D64160EAF866DC	1	23500	1	KD26!26	false
KD26	1	VPP_51ADAB9A4F66933B5085E080	2	14500	1	KD26!27	false
KD26	1	VPP_FEB5EB6F2EC92B39A6E56332	1	12500	1	KD26!28	false
KD26	1	VPP_C93139806E5E6FA7B6108E20	1	15200	1	KD26!29	false
KD26	1	VPP_BBBB58908D7F0D6E6F33AEF4	1	8400	1	KD26!30	false
KD26	1	VPP_F6550946F385CE5FCD057EE6	2	3150	1	KD26!31	false
KD26	1	VPP_B50F2B25582F9B4C295B4D88	3	29500	1	KD26!32	false
KD26	2	VPP_F639822CBB882D92AB85CB29	10	2650	1	KD26!34	false
KD26	2	VPP_F619979572276FB062A5B165	5	6000	1	KD26!35	false
KD26	2	VPP_F61B54D2E6C19B80A008F848	3	19900	1	KD26!36	false
KD26	2	VPP_69068E979D557ADEABF19810	2	59000	1	KD26!37	false
KD26	2	VPP_3D31BCF2A549C06B726BE2BC	4	59000	1	KD26!38	false
KD26	2	VPP_29D349D7C0F342CBBDF55ABE	2	86000	1	KD26!39	false
KD26	2	VPP_63DB06C4AFC579D2541D75D1	30	10200	1	KD26!40	false
KD26	2	VPP_1B1A221F74BCB87C1072F85A	3	53100	1	KD26!41	false
KD26	2	VPP_668C8430005C6771ADB62800	2	9300	1	KD26!42	false
KD26	2	VPP_FC78548B8D51584D97F9D7DD	1	6800	1	KD26!43	false
KD26	2	VPP_083E862BFE14BEC171B5C9BC	3	7300	1	KD26!44	false
KD26	2	VPP_0C8815EFBEF04F6F413674EF	3	7500	1	KD26!45	false
KD26	2	VPP_9C3F67284F34AB3F87B61AE3	7	62500	1	KD26!46	false
KD26	2	VPP_5ED136018C5600AD92077AFB	1	68500	1	KD26!47	false
KD26	2	VPP_C93139806E5E6FA7B6108E20	1	15200	1	KD26!48	false
KD26	2	VPP_B1CD3B66AE1B219C68342358	4	4200	1	KD26!49	false
KD26	3	VPP_F639822CBB882D92AB85CB29	10	2650	1	KD26!50	false
KD26	3	VPP_506033EA3026EE18CBC0A735	2	11200	1	KD26!51	false
KD26	3	VPP_2D5F01DA9DD63C4779AE3A74	1	15600	1	KD26!52	false
KD26	3	VPP_69068E979D557ADEABF19810	1	59000	1	KD26!53	false
KD26	3	VPP_E1359D67A50137B334D8A684	10	1800	1	KD26!54	false
KD26	3	VPP_B4DF94CB1BA5A4DC0529CEEF	4	3100	1	KD26!55	false
KD26	3	VPP_083E862BFE14BEC171B5C9BC	1	7300	1	KD26!56	false
KD26	3	VPP_0C8815EFBEF04F6F413674EF	1	7500	1	KD26!57	false
KD26	3	VPP_C9688B03D19FBF90A74484B3	1	126000	1	KD26!58	false
KD26	3	VPP_C93139806E5E6FA7B6108E20	2	15200	1	KD26!59	false
KD26	3	VPP_B1CD3B66AE1B219C68342358	2	4200	1	KD26!60	false
KD27	1	VPP_084AC8B1E31EB7C36524411F	2	31500	1	KD27!6	false
KD27	1	VPP_F639822CBB882D92AB85CB29	4	2650	1	KD27!7	false
KD27	1	VPP_E33C3FD2E20FAFA535A1C606	4	5200	1	KD27!8	false
KD27	1	VPP_F619979572276FB062A5B165	1	6000	1	KD27!9	false
KD27	1	VPP_AC7C38A7F3DD7588B2E65F73	7	7800	1	KD27!10	false
KD27	1	VPP_2D5F01DA9DD63C4779AE3A74	1	15600	1	KD27!11	false
KD27	1	VPP_F61B54D2E6C19B80A008F848	2	19900	1	KD27!12	false
KD27	1	VPP_536B016CF5503C41A3205D37	1	47000	1	KD27!13	false
KD27	1	VPP_827131E86E6D116331BF8077	10	30100	1	KD27!14	false
KD27	1	VPP_1B1A221F74BCB87C1072F85A	7	53100	1	KD27!15	false
KD27	1	VPP_FD0A3ACBE9242E19D6FF0C21	1	44100	1	KD27!16	false
KD27	1	VPP_57741C38387602E8ED9CB12E	1	3250	1	KD27!17	false
KD27	1	VPP_668C8430005C6771ADB62800	1	9300	1	KD27!18	false
KD27	1	VPP_B4DF94CB1BA5A4DC0529CEEF	4	3250	1	KD27!19	false
KD27	1	VPP_2E8036912C0C118193AE0FB3	1	2900	1	KD27!20	false
KD27	1	VPP_E28FC4A10C0381542A669396	1	6800	1	KD27!21	false
KD27	1	VPP_48B228F0E3896B14789E6066	1	6800	1	KD27!22	false
KD27	1	VPP_BF074043071874632B0F425A	1	7900	1	KD27!24	false
KD27	1	VPP_083E862BFE14BEC171B5C9BC	4	7900	2	KD27!23;KD27!25	false
KD27	1	VPP_0C8815EFBEF04F6F413674EF	2	8200	1	KD27!26	false
KD27	1	VPP_47C162C20BA3F03DF160D568	1	19500	1	KD27!27	false
KD27	1	VPP_9C3F67284F34AB3F87B61AE3	4	62500	1	KD27!28	false
KD27	1	VPP_5ED136018C5600AD92077AFB	2	68500	1	KD27!29	false
KD27	1	VPP_4D4DDAF9A4BC66E7398C7E6F	2	5600	1	KD27!30	false
KD27	1	VPP_07B6EFD202371277FDA7FF55	1	4200	1	KD27!31	false
KD27	1	VPP_12C6C299C8B52F6DA4535E0D	2	3550	1	KD27!32	false
KD27	1	VPP_47F7977CF00CCB790A3C1F2F	1	320000	1	KD27!33	false
KD27	1	VPP_43F6696D3B8A63C2D48C26B7	1	5200	1	KD27!34	false
KD27	1	VPP_0105FAE39D6FA6FC74661BAB	1	3200	1	KD27!35	false
KD27	2	VPP_F639822CBB882D92AB85CB29	2	2650	1	KD27!53	false
KD27	2	VPP_E33C3FD2E20FAFA535A1C606	2	5200	1	KD27!52	false
KD27	2	VPP_506033EA3026EE18CBC0A735	2	11200	1	KD27!51	false
KD27	2	VPP_AC7C38A7F3DD7588B2E65F73	7	7800	1	KD27!50	false
KD27	2	VPP_2D5F01DA9DD63C4779AE3A74	1	15600	1	KD27!49	false
KD27	2	VPP_F61B54D2E6C19B80A008F848	7	19900	1	KD27!48	false
KD27	2	VPP_69068E979D557ADEABF19810	1	59000	1	KD27!47	false
KD27	2	VPP_4A8A1058110AE57FD3ED8FE8	1	47000	1	KD27!46	false
KD27	2	VPP_29D349D7C0F342CBBDF55ABE	1	86000	1	KD27!54	false
KD27	2	VPP_1B1A221F74BCB87C1072F85A	2	53100	1	KD27!45	false
KD27	2	VPP_B4DF94CB1BA5A4DC0529CEEF	11	3250	1	KD27!44	false
KD27	2	VPP_E19E627064D9F9465B7BCF0D	1	2900	1	KD27!43	false
KD27	2	VPP_9C3F67284F34AB3F87B61AE3	3	62500	1	KD27!42	false
KD27	2	VPP_0F05A8140A0628013EB46DCD	5	830	1	KD27!41	false
KD27	2	VPP_36E91891052EAEEB344CAFC9	5	820	1	KD27!40	false
KD27	2	VPP_D488F44A280BB56B0AB8BD81	5	780	1	KD27!39	false
KD27	2	VPP_4EB544B725713AE6DE9F29D2	2	105000	1	KD27!38	false
KD27	2	VPP_A194C07D82C3319ECB61843F	1	45000	1	KD27!37	false
KD27	2	VPP_E1CE489510FBC54F62666387	2	47000	1	KD27!36	false
KD27	3	VPP_F639822CBB882D92AB85CB29	3	2650	1	KD27!55	false
KD27	3	VPP_E33C3FD2E20FAFA535A1C606	4	5200	1	KD27!56	false
KD27	3	VPP_AC7C38A7F3DD7588B2E65F73	2	7800	1	KD27!57	false
KD27	3	VPP_2D5F01DA9DD63C4779AE3A74	1	15600	1	KD27!58	false
KD27	3	VPP_F61B54D2E6C19B80A008F848	2	19900	1	KD27!59	false
KD27	3	VPP_E4980DFAE852BDE643E58786	1	47000	1	KD27!60	false
KD27	3	VPP_FED83FE7DF0C4F10EE62CD09	3	47000	1	KD27!61	false
KD27	3	VPP_9E8946F2D6E8FFE6CBFE3D6C	1	47000	1	KD27!62	false
KD27	3	VPP_827131E86E6D116331BF8077	5	30100	1	KD27!63	false
KD27	3	VPP_1B1A221F74BCB87C1072F85A	2	53100	1	KD27!64	false
KD27	3	VPP_89DE5302FB2D9DB90266AFA1	1	13200	1	KD27!65	false
KD27	3	VPP_6A721030CDE5BD1BCD7B271F	3	3250	1	KD27!66	false
KD27	3	VPP_B4DF94CB1BA5A4DC0529CEEF	4	3250	1	KD27!67	false
KD27	3	VPP_083E862BFE14BEC171B5C9BC	3	7900	2	KD27!68;KD27!72	false
KD27	3	VPP_9C3F67284F34AB3F87B61AE3	3	62500	1	KD27!69	false
KD27	3	VPP_5ED136018C5600AD92077AFB	1	68500	1	KD27!70	false
KD27	3	VPP_C93139806E5E6FA7B6108E20	3	15200	1	KD27!71	false
KD28	1	VPP_F639822CBB882D92AB85CB29	5	2650	1	KD28!10	false
KD28	1	VPP_AC7C38A7F3DD7588B2E65F73	10	7800	1	KD28!8	false
KD28	1	VPP_2D5F01DA9DD63C4779AE3A74	15	15600	1	KD28!9	false
KD28	1	VPP_FED83FE7DF0C4F10EE62CD09	3	47000	1	KD28!12	false
KD28	1	VPP_7EF46F1E0E1F40F7D2FBF220	1	47000	1	KD28!18	false
KD28	1	VPP_FB1E1BFF9D357F27BC372E36	1	68000	1	KD28!16	false
KD28	1	VPP_FE45845BBD3C5EA61323FD99	1	68000	1	KD28!21	false
KD28	1	VPP_980FA2A1AAA8AF7B40E21F73	5	30100	1	KD28!6	false
KD28	1	VPP_FD0A3ACBE9242E19D6FF0C21	2	44100	1	KD28!14	false
KD28	1	VPP_132A2BBE1F4260CA2EAB57C3	2	5200	1	KD28!17	false
KD28	1	VPP_0C3D636846222846B5D4205F	1	68000	1	KD28!19	false
KD28	1	VPP_47C162C20BA3F03DF160D568	5	19500	1	KD28!13	false
KD28	1	VPP_9C3F67284F34AB3F87B61AE3	4	62500	1	KD28!7	false
KD28	1	VPP_93951C15077286C47CD4B2B2	2	43500	1	KD28!11	false
KD28	1	VPP_C93139806E5E6FA7B6108E20	2	15200	1	KD28!15	false
KD28	1	VPP_881440E404E080752B6FBC66	1	42000	1	KD28!20	false
KD28	2	VPP_F619979572276FB062A5B165	10	6000	1	KD28!28	false
KD28	2	VPP_506033EA3026EE18CBC0A735	5	11200	1	KD28!27	false
KD28	2	VPP_79FFDC0D6B3AEBB44D7B94D3	10	3900	1	KD28!46	false
KD28	2	VPP_AC7C38A7F3DD7588B2E65F73	10	7800	1	KD28!23	false
KD28	2	VPP_2D5F01DA9DD63C4779AE3A74	10	15600	1	KD28!24	false
KD28	2	VPP_536B016CF5503C41A3205D37	5	47000	1	KD28!41	false
KD28	2	VPP_FED83FE7DF0C4F10EE62CD09	4	47000	1	KD28!26	false
KD28	2	VPP_A405DA15E4DC8D727A4D280A	1	68000	1	KD28!35	false
KD28	2	VPP_132A2BBE1F4260CA2EAB57C3	5	5200	1	KD28!36	false
KD28	2	VPP_6A721030CDE5BD1BCD7B271F	15	3250	1	KD28!38	false
KD28	2	VPP_BF074043071874632B0F425A	10	7900	1	KD28!33	false
KD28	2	VPP_083E862BFE14BEC171B5C9BC	10	7900	1	KD28!32	false
KD28	2	VPP_47C162C20BA3F03DF160D568	4	19500	1	KD28!44	false
KD28	2	VPP_A1A26C469897B42555440194	2	19700	1	KD28!37	false
KD28	2	VPP_F6839896D74836B75BAB840A	1	80000	1	KD28!40	false
KD28	2	VPP_2A402D6E5459B3188E0B6D82	1	150000	1	KD28!34	false
KD28	2	VPP_00F146CF554F30BB71CF8BA9	6	55000	1	KD28!22	false
KD28	2	VPP_9C3F67284F34AB3F87B61AE3	2	62500	1	KD28!47	false
KD28	2	VPP_93951C15077286C47CD4B2B2	2	43500	1	KD28!25	false
KD28	2	VPP_D488F44A280BB56B0AB8BD81	30	780	1	KD28!39	false
KD28	2	VPP_C93139806E5E6FA7B6108E20	2	15200	1	KD28!45	false
KD28	2	VPP_CC33E2FE55C2A3F2F5CCA739	1	240000	1	KD28!31	false
KD28	2	VPP_9D6FCF2D426B48B36063CEB9	4	8100	1	KD28!30	false
KD28	2	VPP_BBBD4DC7AA5B255AB4BD7D51	4	2920	1	KD28!29	false
KD28	2	VPP_0105FAE39D6FA6FC74661BAB	2	3200	1	KD28!42	false
KD28	2	VPP_3B454C60EC704AE741E1DA37	2	4900	1	KD28!43	false
KD28	3	VPP_084AC8B1E31EB7C36524411F	1	31500	1	KD28!69	false
KD28	3	VPP_F619979572276FB062A5B165	10	6000	1	KD28!54	false
KD28	3	VPP_AC7C38A7F3DD7588B2E65F73	10	7800	1	KD28!50	false
KD28	3	VPP_2D5F01DA9DD63C4779AE3A74	5	15600	1	KD28!51	false
KD28	3	VPP_FED83FE7DF0C4F10EE62CD09	2	47000	1	KD28!53	false
KD28	3	VPP_FD0A3ACBE9242E19D6FF0C21	2	44100	1	KD28!70	false
KD28	3	VPP_57741C38387602E8ED9CB12E	5	3250	1	KD28!56	false
KD28	3	VPP_DED50ACDCD723F5C78B696EF	5	3250	1	KD28!57	false
KD28	3	VPP_B4DF94CB1BA5A4DC0529CEEF	10	3250	1	KD28!55	false
KD28	3	VPP_653AD43BB4A6338E70F9F0A3	3	11500	1	KD28!61	false
KD28	3	VPP_2E8036912C0C118193AE0FB3	5	2900	1	KD28!58	false
KD28	3	VPP_82E05295E74F9547D0D713DC	4	6100	1	KD28!60	false
KD28	3	VPP_0C8815EFBEF04F6F413674EF	5	8200	1	KD28!63	false
KD28	3	VPP_570C0D4B7D678006CEE3149E	2	4500	1	KD28!59	false
KD28	3	VPP_00F146CF554F30BB71CF8BA9	3	55000	1	KD28!49	false
KD28	3	VPP_9C3F67284F34AB3F87B61AE3	1	62500	1	KD28!48	false
KD28	3	VPP_93951C15077286C47CD4B2B2	1	43500	1	KD28!52	false
KD28	3	VPP_0F05A8140A0628013EB46DCD	100	830	1	KD28!64	false
KD28	3	VPP_07B6EFD202371277FDA7FF55	5	4200	1	KD28!67	false
KD28	3	VPP_BBBD4DC7AA5B255AB4BD7D51	4	2920	1	KD28!68	false
KD28	3	VPP_49B85DC7CA1938D1BEE9C2FF	3	14500	1	KD28!62	false
KD28	3	VPP_80180D0293A6A1B1B8EE13D1	1	28500	1	KD28!65	false
KD28	3	VPP_E1CE489510FBC54F62666387	1	47000	1	KD28!66	false
KD3	1	VPP_F639822CBB882D92AB85CB29	1	2650	1	KD3!5	false
KD3	1	VPP_F619979572276FB062A5B165	9	6000	1	KD3!7	false
KD3	1	VPP_506033EA3026EE18CBC0A735	2	11200	1	KD3!6	false
KD3	1	VPP_AC7C38A7F3DD7588B2E65F73	19	7800	1	KD3!8	false
KD3	1	VPP_2D5F01DA9DD63C4779AE3A74	11	15600	1	KD3!9	false
KD3	1	VPP_F61B54D2E6C19B80A008F848	7	19900	1	KD3!10	false
KD3	1	VPP_536B016CF5503C41A3205D37	8	47000	1	KD3!31	false
KD3	1	VPP_4A8A1058110AE57FD3ED8FE8	6	47000	1	KD3!32	false
KD3	1	VPP_63DB06C4AFC579D2541D75D1	20	10200	1	KD3!12	false
KD3	1	VPP_FD0A3ACBE9242E19D6FF0C21	16	44100	1	KD3!11	false
KD3	1	VPP_57741C38387602E8ED9CB12E	2	3250	1	KD3!18	false
KD3	1	VPP_DED50ACDCD723F5C78B696EF	1	3250	1	KD3!19	false
KD3	1	VPP_B4DF94CB1BA5A4DC0529CEEF	6	3250	1	KD3!17	false
KD3	1	VPP_653AD43BB4A6338E70F9F0A3	1	11500	1	KD3!20	false
KD3	1	VPP_F71D762546FCCACBABE5E5AD	1	6100	1	KD3!21	false
KD3	1	VPP_1CAD0182C33B0C201E0E7789	1	6100	1	KD3!22	false
KD3	1	VPP_82E05295E74F9547D0D713DC	1	6100	1	KD3!23	false
KD3	1	VPP_BF074043071874632B0F425A	5	7900	1	KD3!25	false
KD3	1	VPP_083E862BFE14BEC171B5C9BC	7	7900	1	KD3!24	false
KD3	1	VPP_0C8815EFBEF04F6F413674EF	2	8200	1	KD3!26	false
KD3	1	VPP_47C162C20BA3F03DF160D568	4	19500	1	KD3!27	false
KD3	1	VPP_A1A26C469897B42555440194	1	19700	1	KD3!13	false
KD3	1	VPP_75A7DA6F764F4FF67BF88326	1	85000	1	KD3!33	false
KD3	1	VPP_9C3F67284F34AB3F87B61AE3	10	62500	1	KD3!36	false
KD3	1	VPP_93951C15077286C47CD4B2B2	1	43500	1	KD3!35	false
KD3	1	VPP_7B5DEC16E35EA0BA0606EF7F	1	8900	1	KD3!28	false
KD3	1	VPP_7D250C1FBE3103C38C58497E	2	4400	1	KD3!30	false
KD3	1	VPP_4D4DDAF9A4BC66E7398C7E6F	1	5600	1	KD3!16	false
KD3	1	VPP_C93139806E5E6FA7B6108E20	1	15200	1	KD3!15	false
KD3	1	VPP_BBBB58908D7F0D6E6F33AEF4	1	8400	1	KD3!14	false
KD3	1	VPP_5E486296B2A1A4C1670C9C08	2	13500	1	KD3!29	false
KD3	1	VPP_334696A10FF96A05500F0969	1	18500	1	KD3!34	false
KD3	2	VPP_084AC8B1E31EB7C36524411F	1	31500	1	KD3!59	false
KD3	2	VPP_F639822CBB882D92AB85CB29	5	2650	1	KD3!37	false
KD3	2	VPP_F619979572276FB062A5B165	5	6000	1	KD3!39	false
KD3	2	VPP_506033EA3026EE18CBC0A735	3	11200	1	KD3!38	false
KD3	2	VPP_AC7C38A7F3DD7588B2E65F73	19	7800	1	KD3!40	false
KD3	2	VPP_2D5F01DA9DD63C4779AE3A74	6	15600	1	KD3!41	false
KD3	2	VPP_F61B54D2E6C19B80A008F848	6	19900	1	KD3!42	false
KD3	2	VPP_81BF6522990639895625E9BE	1	47000	1	KD3!63	false
KD3	2	VPP_536B016CF5503C41A3205D37	7	47000	1	KD3!61	false
KD3	2	VPP_4A8A1058110AE57FD3ED8FE8	4	47000	1	KD3!62	false
KD3	2	VPP_63DB06C4AFC579D2541D75D1	15	10200	1	KD3!44	false
KD3	2	VPP_FD0A3ACBE9242E19D6FF0C21	5	44100	1	KD3!43	false
KD3	2	VPP_DED50ACDCD723F5C78B696EF	1	3250	1	KD3!50	false
KD3	2	VPP_B4DF94CB1BA5A4DC0529CEEF	6	3250	1	KD3!49	false
KD3	2	VPP_653AD43BB4A6338E70F9F0A3	2	11500	1	KD3!51	false
KD3	2	VPP_1CAD0182C33B0C201E0E7789	1	6100	1	KD3!52	false
KD3	2	VPP_82E05295E74F9547D0D713DC	1	6100	1	KD3!53	false
KD3	2	VPP_BF074043071874632B0F425A	2	7900	1	KD3!55	false
KD3	2	VPP_083E862BFE14BEC171B5C9BC	3	7900	1	KD3!54	false
KD3	2	VPP_0C8815EFBEF04F6F413674EF	4	8200	1	KD3!56	false
KD3	2	VPP_A1A26C469897B42555440194	1	19700	1	KD3!45	false
KD3	2	VPP_9C3F67284F34AB3F87B61AE3	8	62500	1	KD3!64	false
KD3	2	VPP_7B5DEC16E35EA0BA0606EF7F	1	8900	1	KD3!57	false
KD3	2	VPP_7D250C1FBE3103C38C58497E	2	4400	1	KD3!58	false
KD3	2	VPP_4D4DDAF9A4BC66E7398C7E6F	1	5600	1	KD3!48	false
KD3	2	VPP_C93139806E5E6FA7B6108E20	4	15200	1	KD3!47	false
KD3	2	VPP_BBBB58908D7F0D6E6F33AEF4	1	8400	1	KD3!46	false
KD3	2	VPP_12C6C299C8B52F6DA4535E0D	1	3550	1	KD3!60	false
KD3	2	VPP_B227921013D15697216EA500	1	12500	1	KD3!65	false
KD3	3	VPP_F639822CBB882D92AB85CB29	4	2650	1	KD3!66	false
KD3	3	VPP_E33C3FD2E20FAFA535A1C606	1	5200	1	KD3!67	false
KD3	3	VPP_F619979572276FB062A5B165	2	6000	1	KD3!69	false
KD3	3	VPP_506033EA3026EE18CBC0A735	2	11200	1	KD3!68	false
KD3	3	VPP_AC7C38A7F3DD7588B2E65F73	3	7800	1	KD3!70	false
KD3	3	VPP_2D5F01DA9DD63C4779AE3A74	4	15600	1	KD3!71	false
KD3	3	VPP_F61B54D2E6C19B80A008F848	2	19900	1	KD3!72	false
KD3	3	VPP_536B016CF5503C41A3205D37	5	47000	1	KD3!90	false
KD3	3	VPP_4A8A1058110AE57FD3ED8FE8	1	47000	1	KD3!91	false
KD3	3	VPP_63DB06C4AFC579D2541D75D1	10	10200	1	KD3!74	false
KD3	3	VPP_FD0A3ACBE9242E19D6FF0C21	5	44100	1	KD3!73	false
KD3	3	VPP_82E3C8620D2A675621300A69	1	19500	1	KD3!76	false
KD3	3	VPP_57741C38387602E8ED9CB12E	2	3250	1	KD3!82	false
KD3	3	VPP_B4DF94CB1BA5A4DC0529CEEF	3	3250	1	KD3!81	false
KD3	3	VPP_82E05295E74F9547D0D713DC	1	6100	1	KD3!83	false
KD3	3	VPP_BF074043071874632B0F425A	7	7900	1	KD3!85	false
KD3	3	VPP_083E862BFE14BEC171B5C9BC	3	7900	1	KD3!84	false
KD3	3	VPP_0C8815EFBEF04F6F413674EF	5	8200	1	KD3!86	false
KD3	3	VPP_5AB888C81E12AB282BBC471E	1	12500	1	KD3!94	false
KD3	3	VPP_A1A26C469897B42555440194	1	19700	1	KD3!75	false
KD3	3	VPP_9C3F67284F34AB3F87B61AE3	3	62500	1	KD3!93	false
KD3	3	VPP_93951C15077286C47CD4B2B2	3	43500	1	KD3!92	false
KD3	3	VPP_C93139806E5E6FA7B6108E20	1	15200	1	KD3!78	false
KD3	3	VPP_94FA8E0A4E1257204EC95728	1	105000	1	KD3!79	false
KD3	3	VPP_A3D298B7B7EE9BA868E74462	1	5800	1	KD3!77	false
KD3	3	VPP_5E4047BB19FA56D2F0BE8779	1	4900	1	KD3!80	false
KD3	3	VPP_B227921013D15697216EA500	1	12500	1	KD3!87	false
KD3	3	VPP_583BB7CA73B8AC53663B2683	2	6500	1	KD3!88	false
KD3	3	VPP_0105FAE39D6FA6FC74661BAB	1	3200	1	KD3!89	false
KD4	1	VPP_E33C3FD2E20FAFA535A1C606	10	5200	1	KD4!10	false
KD4	1	VPP_F619979572276FB062A5B165	6	6000	1	KD4!19	false
KD4	1	VPP_AC7C38A7F3DD7588B2E65F73	10	7800	1	KD4!20	false
KD4	1	VPP_2D5F01DA9DD63C4779AE3A74	6	15600	1	KD4!21	false
KD4	1	VPP_FED83FE7DF0C4F10EE62CD09	5	47000	1	KD4!8	false
KD4	1	VPP_7EF46F1E0E1F40F7D2FBF220	2	47000	1	KD4!9	false
KD4	1	VPP_63DB06C4AFC579D2541D75D1	40	10200	1	KD4!17	false
KD4	1	VPP_1B1A221F74BCB87C1072F85A	2	53100	1	KD4!18	false
KD4	1	VPP_653AD43BB4A6338E70F9F0A3	1	11500	1	KD4!16	false
KD4	1	VPP_9C3F67284F34AB3F87B61AE3	8	62500	1	KD4!6	false
KD4	1	VPP_5ED136018C5600AD92077AFB	3	68500	1	KD4!7	false
KD4	1	VPP_D488F44A280BB56B0AB8BD81	30	780	1	KD4!22	false
KD4	1	VPP_B345DC72BD6A87306ED6EF11	3	6200	1	KD4!13	false
KD4	1	VPP_BBBD4DC7AA5B255AB4BD7D51	4	2920	1	KD4!14	false
KD4	1	VPP_AA3F6290BF5C5DE5C7A147E4	4	2920	1	KD4!15	false
KD4	1	VPP_49B85DC7CA1938D1BEE9C2FF	2	14500	1	KD4!12	false
KD4	1	VPP_BCC5BFC825A42ECB8383D35F	1	9900	1	KD4!11	false
KD4	2	VPP_F619979572276FB062A5B165	10	6000	1	KD4!30	false
KD4	2	VPP_AC7C38A7F3DD7588B2E65F73	10	7800	1	KD4!31	false
KD4	2	VPP_2D5F01DA9DD63C4779AE3A74	6	15600	1	KD4!32	false
KD4	2	VPP_FED83FE7DF0C4F10EE62CD09	4	47000	1	KD4!23	false
KD4	2	VPP_4A8A1058110AE57FD3ED8FE8	2	47000	1	KD4!24	false
KD4	2	VPP_63DB06C4AFC579D2541D75D1	20	10200	1	KD4!28	false
KD4	2	VPP_1B1A221F74BCB87C1072F85A	2	53100	1	KD4!29	false
KD4	2	VPP_47C162C20BA3F03DF160D568	2	19500	1	KD4!37	false
KD4	2	VPP_E18F602781ED69156EA49BFA	2	18300	1	KD4!38	false
KD4	2	VPP_9C3F67284F34AB3F87B61AE3	5	62500	1	KD4!25	false
KD4	2	VPP_FEB5EB6F2EC92B39A6E56332	2	12500	1	KD4!27	false
KD4	2	VPP_C1D34AB5F87F89A871AC54FA	1	45000	1	KD4!36	false
KD4	2	VPP_4D4DDAF9A4BC66E7398C7E6F	1	5600	1	KD4!33	false
KD4	2	VPP_C93139806E5E6FA7B6108E20	3	15200	1	KD4!35	false
KD4	2	VPP_CC33E2FE55C2A3F2F5CCA739	1	240000	1	KD4!34	false
KD4	2	VPP_4FA5218353791647D8532A7A	2	12500	1	KD4!26	false
KD4	2	VPP_3B454C60EC704AE741E1DA37	1	4900	1	KD4!39	false
KD4	3	VPP_2D5F01DA9DD63C4779AE3A74	6	15600	1	KD4!51	false
KD4	3	VPP_FED83FE7DF0C4F10EE62CD09	2	47000	1	KD4!40	false
KD4	3	VPP_4A8A1058110AE57FD3ED8FE8	1	47000	1	KD4!41	false
KD4	3	VPP_63DB06C4AFC579D2541D75D1	20	10200	1	KD4!44	false
KD4	3	VPP_1B1A221F74BCB87C1072F85A	1	53100	1	KD4!45	false
KD4	3	VPP_9C3F67284F34AB3F87B61AE3	5	62500	1	KD4!47	false
KD4	3	VPP_B345DC72BD6A87306ED6EF11	3	6200	1	KD4!52	false
KD4	3	VPP_4D4DDAF9A4BC66E7398C7E6F	2	5600	1	KD4!46	false
KD4	3	VPP_A3D298B7B7EE9BA868E74462	2	5800	1	KD4!48	false
KD4	3	VPP_BBBB58908D7F0D6E6F33AEF4	2	8400	1	KD4!49	false
KD4	3	VPP_3A84DA4B02A7BA49F99108C4	2	22000	1	KD4!50	false
KD4	3	VPP_BBBD4DC7AA5B255AB4BD7D51	2	2920	1	KD4!42	false
KD4	3	VPP_AA3F6290BF5C5DE5C7A147E4	2	2920	1	KD4!43	false
KD5+6+18	3	VPP_084AC8B1E31EB7C36524411F	1	31500	1	KD5+6+18!29	false
KD5+6+18	3	VPP_F639822CBB882D92AB85CB29	5	2650	1	KD5+6+18!28	false
KD5+6+18	3	VPP_E33C3FD2E20FAFA535A1C606	1	5200	1	KD5+6+18!27	false
KD5+6+18	3	VPP_506033EA3026EE18CBC0A735	2	11200	1	KD5+6+18!31	false
KD5+6+18	3	VPP_AC7C38A7F3DD7588B2E65F73	10	7800	1	KD5+6+18!26	false
KD5+6+18	3	VPP_2D5F01DA9DD63C4779AE3A74	3	15600	1	KD5+6+18!25	false
KD5+6+18	3	VPP_F61B54D2E6C19B80A008F848	4	19900	1	KD5+6+18!24	false
KD5+6+18	3	VPP_536B016CF5503C41A3205D37	4	59000	1	KD5+6+18!21	false
KD5+6+18	3	VPP_FED83FE7DF0C4F10EE62CD09	5	59000	1	KD5+6+18!20	false
KD5+6+18	3	VPP_69068E979D557ADEABF19810	1	59000	1	KD5+6+18!30	false
KD5+6+18	3	VPP_4A8A1058110AE57FD3ED8FE8	4	59000	1	KD5+6+18!19	false
KD5+6+18	3	VPP_808DF3AEEB5562743B37E385	1	59000	1	KD5+6+18!23	false
KD5+6+18	3	VPP_38EDF9FFE459F411C3EEB72D	1	59000	1	KD5+6+18!22	false
KD5+6+18	3	VPP_2A6DA4A232115E0BD248C2CF	20	10200	1	KD5+6+18!18	false
KD5+6+18	3	VPP_B4DF94CB1BA5A4DC0529CEEF	5	3100	1	KD5+6+18!17	false
KD5+6+18	3	VPP_BF074043071874632B0F425A	8	7300	1	KD5+6+18!16	false
KD5+6+18	3	VPP_5177513D677876CCBF44A9FF	1	7300	1	KD5+6+18!15	false
KD5+6+18	3	VPP_083E862BFE14BEC171B5C9BC	3	7300	1	KD5+6+18!14	false
KD5+6+18	3	VPP_47C162C20BA3F03DF160D568	2	19500	1	KD5+6+18!13	false
KD5+6+18	3	VPP_F38B9A4E64ED23868E1E8E38	1	31000	1	KD5+6+18!12	false
KD5+6+18	3	VPP_9C3F67284F34AB3F87B61AE3	11	62500	1	KD5+6+18!11	false
KD5+6+18	3	VPP_5ED136018C5600AD92077AFB	9	68500	1	KD5+6+18!10	false
KD5+6+18	3	VPP_51ADAB9A4F66933B5085E080	2	14500	1	KD5+6+18!9	false
KD5+6+18	3	VPP_7B5DEC16E35EA0BA0606EF7F	1	8900	1	KD5+6+18!8	false
KD5+6+18	3	VPP_3DE0970483AEBF6C555AF40C	1	48000	1	KD5+6+18!7	false
KD5+6+18	3	VPP_12C6C299C8B52F6DA4535E0D	5	3550	1	KD5+6+18!6	false
KD5+6+18	3	VPP_2F1AA17A8362A7EDAF6F3140	1	39500	1	KD5+6+18!5	false
KD7	1	VPP_9C3F67284F34AB3F87B61AE3	10	62500	1	Sale7!6	false
KD7	3	VPP_3E1CF5FE8FE895C01C6F1EFD	10	31900	1	Sale7!7	false
KD8	1	VPP_F639822CBB882D92AB85CB29	25	2650	1	KD8!5	false
KD8	1	VPP_AC7C38A7F3DD7588B2E65F73	20	7800	1	KD8!6	false
KD8	1	VPP_2D5F01DA9DD63C4779AE3A74	27	15600	1	KD8!7	false
KD8	1	VPP_536B016CF5503C41A3205D37	1	47000	1	KD8!33	false
KD8	1	VPP_69068E979D557ADEABF19810	3	47000	1	KD8!27	false
KD8	1	VPP_3D31BCF2A549C06B726BE2BC	1	47000	1	KD8!28	false
KD8	1	VPP_4A8A1058110AE57FD3ED8FE8	1	47000	1	KD8!34	false
KD8	1	VPP_9E8946F2D6E8FFE6CBFE3D6C	1	47000	1	KD8!38	false
KD8	1	VPP_29D349D7C0F342CBBDF55ABE	1	68000	1	KD8!35	false
KD8	1	VPP_826BEF247F4CC09F9F2A4EFB	1	68000	1	KD8!37	false
KD8	1	VPP_2A6DA4A232115E0BD248C2CF	40	10200	1	KD8!10	false
KD8	1	VPP_827131E86E6D116331BF8077	2	30100	1	KD8!8	false
KD8	1	VPP_FD0A3ACBE9242E19D6FF0C21	29	44100	1	KD8!9	false
KD8	1	VPP_4656D210C41D4A62F1C6DC04	2	45000	1	KD8!20	false
KD8	1	VPP_6A721030CDE5BD1BCD7B271F	2	3250	1	KD8!13	false
KD8	1	VPP_B4DF94CB1BA5A4DC0529CEEF	16	3250	1	KD8!14	false
KD8	1	VPP_653AD43BB4A6338E70F9F0A3	1	11500	1	KD8!15	false
KD8	1	VPP_BF074043071874632B0F425A	7	7900	1	KD8!17	false
KD8	1	VPP_083E862BFE14BEC171B5C9BC	1	7900	1	KD8!16	false
KD8	1	VPP_00B9F8BD0D8D02D86617954B	4	8200	1	KD8!18	false
KD8	1	VPP_47C162C20BA3F03DF160D568	1	19500	1	KD8!19	false
KD8	1	VPP_6C6744BFEC7F53DDA9586720	1	24000	1	KD8!21	false
KD8	1	VPP_5EAE8BFB88D4F04BE8292101	3	90000	1	KD8!30	false
KD8	1	VPP_8FCF6EE882D1BCFE2AE23D5A	1	150000	1	KD8!31	false
KD8	1	VPP_9C3F67284F34AB3F87B61AE3	16	62500	1	KD8!24	false
KD8	1	VPP_93951C15077286C47CD4B2B2	10	43500	1	KD8!25	false
KD8	1	VPP_4EB544B725713AE6DE9F29D2	7	105000	1	KD8!26	false
KD8	1	VPP_4BDD62C632862AF38A8DA267	1	98000	1	KD8!29	false
KD8	1	VPP_B7BCF0A186AB015B1DC2F02A	1	12800	1	KD8!12	false
KD8	1	VPP_C93139806E5E6FA7B6108E20	1	15200	1	KD8!11	false
KD8	1	VPP_881440E404E080752B6FBC66	1	42000	1	KD8!36	false
KD8	1	VPP_0DE8EFF9C0013E2A6BD9B255	1	195000	1	KD8!39	false
KD8	1	VPP_B50F2B25582F9B4C295B4D88	2	29500	1	KD8!32	false
KD8	1	VPP_6E0E11FF48294D6F5EEF5445	1	4500	1	KD8!22	false
KD8	1	VPP_B227921013D15697216EA500	1	12500	1	KD8!23	false
KD8	2	VPP_F639822CBB882D92AB85CB29	15	2650	1	KD8!40	false
KD8	2	VPP_E33C3FD2E20FAFA535A1C606	10	5200	1	KD8!41	false
KD8	2	VPP_79FFDC0D6B3AEBB44D7B94D3	2	3900	1	KD8!42	false
KD8	2	VPP_AC7C38A7F3DD7588B2E65F73	20	7800	1	KD8!43	false
KD8	2	VPP_2D5F01DA9DD63C4779AE3A74	18	15600	1	KD8!44	false
KD8	2	VPP_F422D1BC1ACB3FD008FB431F	1	1100	1	KD8!64	false
KD8	2	VPP_9F54CE0A91482E066686AF1C	2	47000	1	KD8!72	false
KD8	2	VPP_FED83FE7DF0C4F10EE62CD09	3	47000	1	KD8!68	false
KD8	2	VPP_9E8946F2D6E8FFE6CBFE3D6C	2	47000	1	KD8!69	false
KD8	2	VPP_7EF46F1E0E1F40F7D2FBF220	1	47000	1	KD8!70	false
KD8	2	VPP_9743CEC7C70351023EE934C7	2	18700	1	KD8!67	false
KD8	2	VPP_A618327B920C8E4469F3DB6D	5	950	1	KD8!74	false
KD8	2	VPP_C6692384B8E584BE6CC92DB8	2	35000	1	KD8!47	false
KD8	2	VPP_980FA2A1AAA8AF7B40E21F73	2	30100	1	KD8!45	false
KD8	2	VPP_FD0A3ACBE9242E19D6FF0C21	4	44100	1	KD8!46	false
KD8	2	VPP_6A721030CDE5BD1BCD7B271F	7	3250	1	KD8!50	false
KD8	2	VPP_B4DF94CB1BA5A4DC0529CEEF	3	3250	1	KD8!51	false
KD8	2	VPP_2E8036912C0C118193AE0FB3	1	2900	1	KD8!52	false
KD8	2	VPP_A1843168E69B4D667321E60B	1	3200	1	KD8!53	false
KD8	2	VPP_E28FC4A10C0381542A669396	3	6800	1	KD8!54	false
KD8	2	VPP_BF074043071874632B0F425A	2	7900	1	KD8!56	false
KD8	2	VPP_083E862BFE14BEC171B5C9BC	2	7900	1	KD8!55	false
KD8	2	VPP_47C162C20BA3F03DF160D568	3	19500	1	KD8!57	false
KD8	2	VPP_9C3F67284F34AB3F87B61AE3	12	62500	1	KD8!59	false
KD8	2	VPP_26FD4062A3DD797C1C036BA4	6	43500	1	KD8!62	false
KD8	2	VPP_D488F44A280BB56B0AB8BD81	300	780	1	KD8!61	false
KD8	2	VPP_4EB544B725713AE6DE9F29D2	3	105000	1	KD8!63	false
KD8	2	VPP_B345DC72BD6A87306ED6EF11	2	6200	1	KD8!60	false
KD8	2	VPP_4D4DDAF9A4BC66E7398C7E6F	2	5600	1	KD8!48	false
KD8	2	VPP_F6550946F385CE5FCD057EE6	2	3150	1	KD8!49	false
KD8	2	VPP_0DE8EFF9C0013E2A6BD9B255	1	195000	1	KD8!71	false
KD8	2	VPP_B50F2B25582F9B4C295B4D88	2	29500	1	KD8!65	false
KD8	2	VPP_E451F639E5553EB7B12221D1	1	365000	1	KD8!66	false
KD8	2	VPP_BF2FA0FDB478E8705772EE9E	1	55000	1	KD8!58	false
KD8	2	VPP_7ACB4FE8F8B2F962F9A43170	4	59000	1	KD8!73	false
KD8	3	VPP_F639822CBB882D92AB85CB29	5	2650	1	KD8!75	false
KD8	3	VPP_E33C3FD2E20FAFA535A1C606	14	5200	1	KD8!76	false
KD8	3	VPP_AC7C38A7F3DD7588B2E65F73	13	7800	1	KD8!77	false
KD8	3	VPP_2D5F01DA9DD63C4779AE3A74	15	15600	1	KD8!78	false
KD8	3	VPP_F422D1BC1ACB3FD008FB431F	1	1100	1	KD8!104	false
KD8	3	VPP_1F128F6A4E98CD8C6210DC91	1	47000	1	KD8!99	false
KD8	3	VPP_5161BBEB5E1EE0D8EEA04321	1	47000	1	KD8!100	false
KD8	3	VPP_536B016CF5503C41A3205D37	4	47000	1	KD8!107	false
KD8	3	VPP_FED83FE7DF0C4F10EE62CD09	2	47000	1	KD8!108	false
KD8	3	VPP_69068E979D557ADEABF19810	2	47000	1	KD8!101	false
KD8	3	VPP_3D31BCF2A549C06B726BE2BC	2	47000	1	KD8!102	false
KD8	3	VPP_4A8A1058110AE57FD3ED8FE8	3	47000	1	KD8!111	false
KD8	3	VPP_9E8946F2D6E8FFE6CBFE3D6C	1	47000	1	KD8!109	false
KD8	3	VPP_808DF3AEEB5562743B37E385	2	47000	1	KD8!112	false
KD8	3	VPP_7EF46F1E0E1F40F7D2FBF220	1	47000	1	KD8!110	false
KD8	3	VPP_3CCB77F4FA45DE6C8FC85518	3	18700	1	KD8!106	false
KD8	3	VPP_C28C88BC49FCABD7912C2B32	1	49000	1	KD8!103	false
KD8	3	VPP_980FA2A1AAA8AF7B40E21F73	3	30100	1	KD8!79	false
KD8	3	VPP_FD0A3ACBE9242E19D6FF0C21	4	44100	1	KD8!80	false
KD8	3	VPP_57741C38387602E8ED9CB12E	2	3250	1	KD8!87	false
KD8	3	VPP_B4DF94CB1BA5A4DC0529CEEF	4	3250	1	KD8!88	false
KD8	3	VPP_E28FC4A10C0381542A669396	1	6800	1	KD8!89	false
KD8	3	VPP_BF074043071874632B0F425A	4	7900	1	KD8!90	false
KD8	3	VPP_00B9F8BD0D8D02D86617954B	2	8200	1	KD8!91	false
KD8	3	VPP_3B784EE798436B362CE11D1F	2	12900	1	KD8!81	false
KD8	3	VPP_9C3F67284F34AB3F87B61AE3	13	62500	1	KD8!95	false
KD8	3	VPP_93951C15077286C47CD4B2B2	7	43500	1	KD8!97	false
KD8	3	VPP_D488F44A280BB56B0AB8BD81	300	780	1	KD8!96	false
KD8	3	VPP_4EB544B725713AE6DE9F29D2	3	105000	1	KD8!98	false
KD8	3	VPP_4D4DDAF9A4BC66E7398C7E6F	1	5600	1	KD8!86	false
KD8	3	VPP_C93139806E5E6FA7B6108E20	1	15200	1	KD8!85	false
KD8	3	VPP_A3D298B7B7EE9BA868E74462	4	5800	1	KD8!82	false
KD8	3	VPP_BBBB58908D7F0D6E6F33AEF4	1	8400	1	KD8!83	false
KD8	3	VPP_29D7F7162C43C555EB080572	1	13300	1	KD8!84	false
KD8	3	VPP_B50F2B25582F9B4C295B4D88	2	29500	1	KD8!105	false
KD8	3	VPP_583BB7CA73B8AC53663B2683	2	6500	1	KD8!92	false
KD8	3	VPP_80180D0293A6A1B1B8EE13D1	1	28500	1	KD8!94	false
KD8	3	VPP_3B454C60EC704AE741E1DA37	3	4900	1	KD8!93	false
KD8	3	VPP_7ACB4FE8F8B2F962F9A43170	1	59000	1	KD8!113	false
KEHOACH	2	VPP_F61B54D2E6C19B80A008F848	2	19900	1	KeHoach!8	false
KEHOACH	2	VPP_DED50ACDCD723F5C78B696EF	4	3250	1	KeHoach!18	false
KEHOACH	2	VPP_B4DF94CB1BA5A4DC0529CEEF	5	3250	1	KeHoach!9	false
KEHOACH	2	VPP_A1843168E69B4D667321E60B	5	3200	1	KeHoach!10	false
KEHOACH	2	VPP_5E42A1F973691A7F95EF48B1	1	6100	1	KeHoach!11	false
KEHOACH	2	VPP_F57370A7282AFEA6EBC72314	1	6800	1	KeHoach!15	false
KEHOACH	2	VPP_FC78548B8D51584D97F9D7DD	1	6800	1	KeHoach!12	false
KEHOACH	2	VPP_E28FC4A10C0381542A669396	1	6800	1	KeHoach!13	false
KEHOACH	2	VPP_48B228F0E3896B14789E6066	1	6800	1	KeHoach!14	false
KEHOACH	2	VPP_C9688B03D19FBF90A74484B3	1	126000	1	KeHoach!7	false
KEHOACH	2	VPP_9C3F67284F34AB3F87B61AE3	3	62500	1	KeHoach!6	false
KEHOACH	2	VPP_B1927583A9ECB8C703798C54	1	198000	1	KeHoach!16	false
KEHOACH	2	VPP_76C323160840B8ADD0A75A75	2	195000	1	KeHoach!17	false
KEHOACHPNC	1	VPP_084AC8B1E31EB7C36524411F	1	31500	1	KeHoachPNC!14	false
KEHOACHPNC	1	VPP_07382AD2CA678568F61E68DD	1	42100	1	KeHoachPNC!23	false
KEHOACHPNC	1	VPP_F619979572276FB062A5B165	8	6000	1	KeHoachPNC!12	false
KEHOACHPNC	1	VPP_AC7C38A7F3DD7588B2E65F73	26	7800	1	KeHoachPNC!11	false
KEHOACHPNC	1	VPP_2D5F01DA9DD63C4779AE3A74	26	15600	1	KeHoachPNC!10	false
KEHOACHPNC	1	VPP_6584B40881F03D8C813B2D72	20	1450	1	KeHoachPNC!24	false
KEHOACHPNC	1	VPP_63DB06C4AFC579D2541D75D1	5	10200	1	KeHoachPNC!22	false
KEHOACHPNC	1	VPP_4656D210C41D4A62F1C6DC04	1	45000	1	KeHoachPNC!20	false
KEHOACHPNC	1	VPP_57741C38387602E8ED9CB12E	2	3250	1	KeHoachPNC!7	false
KEHOACHPNC	1	VPP_B4DF94CB1BA5A4DC0529CEEF	7	3250	1	KeHoachPNC!6	false
KEHOACHPNC	1	VPP_48B228F0E3896B14789E6066	1	6800	1	KeHoachPNC!15	false
KEHOACHPNC	1	VPP_083E862BFE14BEC171B5C9BC	10	7900	2	KeHoachPNC!8;KeHoachPNC!9	false
KEHOACHPNC	1	VPP_6C6744BFEC7F53DDA9586720	1	24000	1	KeHoachPNC!21	false
KEHOACHPNC	1	VPP_5AB888C81E12AB282BBC471E	3	70000	1	KeHoachPNC!16	false
KEHOACHPNC	1	VPP_00F146CF554F30BB71CF8BA9	17	55000	1	KeHoachPNC!13	false
KEHOACHPNC	1	VPP_07B6EFD202371277FDA7FF55	1	4200	1	KeHoachPNC!18	false
KEHOACHPNC	1	VPP_A3D298B7B7EE9BA868E74462	1	5800	1	KeHoachPNC!19	false
KEHOACHPNC	1	VPP_12C6C299C8B52F6DA4535E0D	1	3550	1	KeHoachPNC!17	false
KEHOACHPNC	1	VPP_BCABC627AFF574F1E01D1650	1	155000	1	KeHoachPNC!25	false
KEHOACHPNC	2	VPP_084AC8B1E31EB7C36524411F	1	31500	1	KeHoachPNC!34	false
KEHOACHPNC	2	VPP_F619979572276FB062A5B165	8	6000	1	KeHoachPNC!32	false
KEHOACHPNC	2	VPP_AC7C38A7F3DD7588B2E65F73	26	7800	1	KeHoachPNC!31	false
KEHOACHPNC	2	VPP_2D5F01DA9DD63C4779AE3A74	26	15600	1	KeHoachPNC!30	false
KEHOACHPNC	2	VPP_57741C38387602E8ED9CB12E	2	3250	1	KeHoachPNC!27	false
KEHOACHPNC	2	VPP_B4DF94CB1BA5A4DC0529CEEF	6	3250	1	KeHoachPNC!26	false
KEHOACHPNC	2	VPP_703C9346DDE8065468268581	5	4500	1	KeHoachPNC!29	false
KEHOACHPNC	2	VPP_55AC23311EE4BE8F5CBBCB04	5	4500	1	KeHoachPNC!28	false
KEHOACHPNC	2	VPP_16C225AD7EF7C255DD6CE9A9	1	22500	1	KeHoachPNC!35	false
KEHOACHPNC	2	VPP_A1A26C469897B42555440194	1	19700	1	KeHoachPNC!38	false
KEHOACHPNC	2	VPP_00F146CF554F30BB71CF8BA9	10	55000	1	KeHoachPNC!33	false
KEHOACHPNC	2	VPP_E2509CC1F03CDC186AD4B658	3	48000	1	KeHoachPNC!36	false
KEHOACHPNC	2	VPP_7D250C1FBE3103C38C58497E	1	4400	1	KeHoachPNC!37	false
KEHOACHPNC	2	VPP_636B3754AADA6A45ED850591	1	12700	1	KeHoachPNC!39	false
KEHOACHPNC	2	VPP_5E486296B2A1A4C1670C9C08	1	13500	1	KeHoachPNC!40	false
KEHOACHPNC	3	VPP_AC7C38A7F3DD7588B2E65F73	20	7800	1	KeHoachPNC!45	false
KEHOACHPNC	3	VPP_2D5F01DA9DD63C4779AE3A74	20	15600	1	KeHoachPNC!44	false
KEHOACHPNC	3	VPP_FD0A3ACBE9242E19D6FF0C21	1	44100	1	KeHoachPNC!52	false
KEHOACHPNC	3	VPP_B4DF94CB1BA5A4DC0529CEEF	9	3250	1	KeHoachPNC!41	false
KEHOACHPNC	3	VPP_2E8036912C0C118193AE0FB3	2	2900	1	KeHoachPNC!49	false
KEHOACHPNC	3	VPP_BF074043071874632B0F425A	5	7900	1	KeHoachPNC!43	false
KEHOACHPNC	3	VPP_0C8815EFBEF04F6F413674EF	7	8200	2	KeHoachPNC!42;KeHoachPNC!48	false
KEHOACHPNC	3	VPP_16C225AD7EF7C255DD6CE9A9	1	22500	1	KeHoachPNC!50	false
KEHOACHPNC	3	VPP_00F146CF554F30BB71CF8BA9	15	55000	1	KeHoachPNC!46	false
KEHOACHPNC	3	VPP_3E1CF5FE8FE895C01C6F1EFD	1	31900	1	KeHoachPNC!47	false
KEHOACHPNC	3	VPP_12C6C299C8B52F6DA4535E0D	3	3550	1	KeHoachPNC!51	false
KEHOACHPNC	3	VPP_6288F59F6E4539B5E54FEC77	2	45000	1	KeHoachPNC!53	false
KHOLA	1	VPP_FD0A3ACBE9242E19D6FF0C21	6	44100	1	KHO LA!6	false
KHOLA	1	VPP_DED50ACDCD723F5C78B696EF	1	3250	1	KHO LA!8	false
KHOLA	1	VPP_2E8036912C0C118193AE0FB3	4	2900	1	KHO LA!9	false
KHOLA	1	VPP_FC78548B8D51584D97F9D7DD	1	6800	1	KHO LA!10	false
KHOLA	1	VPP_48B228F0E3896B14789E6066	2	6800	1	KHO LA!11	false
KHOLA	1	VPP_84E5A61FF505F7CE45F1C840	10	6600	1	KHO LA!12	false
KHOLA	1	VPP_083E862BFE14BEC171B5C9BC	30	7900	1	KHO LA!13	false
KHOLA	1	VPP_0C8815EFBEF04F6F413674EF	50	8200	1	KHO LA!14	false
KHOLA	1	VPP_47C162C20BA3F03DF160D568	2	19500	1	KHO LA!16	false
KHOLA	1	VPP_E18F602781ED69156EA49BFA	1	18300	1	KHO LA!15	false
KHOLA	1	VPP_00F146CF554F30BB71CF8BA9	22	55000	1	KHO LA!18	false
KHOLA	1	VPP_557F9A4DE587202A3AB5CB8F	1	85000	1	KHO LA!7	false
KHOLA	1	VPP_583BB7CA73B8AC53663B2683	12	6500	1	KHO LA!17	false
KHOLA	2	VPP_4625CC216E438C7448B246D4	20	1950	1	KHO LA!21	false
KHOLA	2	VPP_FD0A3ACBE9242E19D6FF0C21	6	44100	1	KHO LA!19	false
KHOLA	2	VPP_C61F3271D5EA2C67481FB4DA	20	3900	1	KHO LA!20	false
KHOLA	2	VPP_DED50ACDCD723F5C78B696EF	1	3250	1	KHO LA!24	false
KHOLA	2	VPP_B4DF94CB1BA5A4DC0529CEEF	4	3250	1	KHO LA!23	false
KHOLA	2	VPP_2E8036912C0C118193AE0FB3	4	2900	1	KHO LA!25	false
KHOLA	2	VPP_84E5A61FF505F7CE45F1C840	10	6600	1	KHO LA!26	false
KHOLA	2	VPP_083E862BFE14BEC171B5C9BC	30	7900	1	KHO LA!27	false
KHOLA	2	VPP_0C8815EFBEF04F6F413674EF	60	8200	1	KHO LA!28	false
KHOLA	2	VPP_47C162C20BA3F03DF160D568	2	19500	1	KHO LA!29	false
KHOLA	2	VPP_00F146CF554F30BB71CF8BA9	19	55000	1	KHO LA!31	false
KHOLA	2	VPP_12C6C299C8B52F6DA4535E0D	2	3550	1	KHO LA!22	false
KHOLA	2	VPP_583BB7CA73B8AC53663B2683	12	6500	1	KHO LA!30	false
KHOLA	3	VPP_4625CC216E438C7448B246D4	20	1950	1	KHO LA!33	false
KHOLA	3	VPP_FD0A3ACBE9242E19D6FF0C21	6	44100	1	KHO LA!32	false
KHOLA	3	VPP_DED50ACDCD723F5C78B696EF	1	3250	1	KHO LA!35	false
KHOLA	3	VPP_2E8036912C0C118193AE0FB3	4	2900	1	KHO LA!36	false
KHOLA	3	VPP_84E5A61FF505F7CE45F1C840	10	6600	1	KHO LA!37	false
KHOLA	3	VPP_083E862BFE14BEC171B5C9BC	30	7900	1	KHO LA!38	false
KHOLA	3	VPP_0C8815EFBEF04F6F413674EF	60	8200	1	KHO LA!39	false
KHOLA	3	VPP_47C162C20BA3F03DF160D568	2	19500	1	KHO LA!40	false
KHOLA	3	VPP_00F146CF554F30BB71CF8BA9	17	55000	1	KHO LA!42	false
KHOLA	3	VPP_557F9A4DE587202A3AB5CB8F	1	85000	1	KHO LA!34	false
KHOLA	3	VPP_583BB7CA73B8AC53663B2683	12	6500	1	KHO LA!41	false
KHOTONG	1	VPP_084AC8B1E31EB7C36524411F	1	31500	1	KhoTong!34	false
KHOTONG	1	VPP_9743CEC7C70351023EE934C7	3	18700	1	KhoTong!11	false
KHOTONG	1	VPP_588109EB33F556EB7CD7039F	1	28400	1	KhoTong!7	false
KHOTONG	1	VPP_63DB06C4AFC579D2541D75D1	1	10200	1	KhoTong!36	false
KHOTONG	1	VPP_980FA2A1AAA8AF7B40E21F73	2	30100	1	KhoTong!29	false
KHOTONG	1	VPP_765BF462D72B2178C2042BD4	2	10600	1	KhoTong!27	false
KHOTONG	1	VPP_D3D6184575331F724008F1C0	3	3250	1	KhoTong!21	false
KHOTONG	1	VPP_6A721030CDE5BD1BCD7B271F	28	3250	1	KhoTong!20	false
KHOTONG	1	VPP_48B228F0E3896B14789E6066	2	6800	1	KhoTong!23	false
KHOTONG	1	VPP_1CAD0182C33B0C201E0E7789	2	6100	1	KhoTong!22	false
KHOTONG	1	VPP_083E862BFE14BEC171B5C9BC	1	7900	1	KhoTong!25	false
KHOTONG	1	VPP_0C8815EFBEF04F6F413674EF	8	8200	1	KhoTong!24	false
KHOTONG	1	VPP_47C162C20BA3F03DF160D568	4	19500	1	KhoTong!26	false
KHOTONG	1	VPP_0D2F0C2E5801D03A9E544C8C	2	28500	1	KhoTong!9	false
KHOTONG	1	VPP_70F5BCD1C4C973F77E4CF1E1	2	30500	1	KhoTong!10	false
KHOTONG	1	VPP_A1A26C469897B42555440194	2	19700	1	KhoTong!35	false
KHOTONG	1	VPP_00F146CF554F30BB71CF8BA9	35	55000	1	KhoTong!30	false
KHOTONG	1	VPP_C93139806E5E6FA7B6108E20	1	15200	1	KhoTong!37	false
KHOTONG	1	VPP_12C6C299C8B52F6DA4535E0D	20	3550	1	KhoTong!28	false
KHOTONG	1	VPP_636B3754AADA6A45ED850591	2	12700	1	KhoTong!33	false
KHOTONG	1	VPP_47F7977CF00CCB790A3C1F2F	1	320000	1	KhoTong!38	false
KHOTONG	1	VPP_6A5D47BB91281275D6D59983	8	15000	1	KhoTong!8	false
KHOTONG	1	VPP_692E8E8DA3B3F963D6DDFE77	6	25300	1	KhoTong!15	false
KHOTONG	1	VPP_F2B06FA02ACA31A7B3E229DB	1	99500	1	KhoTong!13	false
KHOTONG	1	VPP_2452F1E251F780280182D8B6	5	35200	1	KhoTong!16	false
KHOTONG	1	VPP_DFCC3AE89E86E9177F2FB72F	1	27200	1	KhoTong!12	false
KHOTONG	1	VPP_BB71DB462583AD2E07C68C2E	1	298000	1	KhoTong!18	false
KHOTONG	1	VPP_FD34E17790FDEEA9205B15DF	3	27500	1	KhoTong!14	false
KHOTONG	1	VPP_34A0F6C9589A524AFD58C9FE	15	29000	1	KhoTong!31	false
KHOTONG	1	VPP_24796C8C8FA762A540C83FB6	2	65000	1	KhoTong!6	false
KHOTONG	1	VPP_704C22D217532169FC57318A	1	151000	1	KhoTong!17	false
KHOTONG	1	VPP_C1B702BB073DF7550DC827E3	1	39500	1	KhoTong!19	false
KHOTONG	1	VPP_520C20FE8281CB6D04C78047	5	65700	1	KhoTong!32	false
KHOTONG	2	VPP_084AC8B1E31EB7C36524411F	1	31500	1	KhoTong!58	false
KHOTONG	2	VPP_9743CEC7C70351023EE934C7	3	18700	1	KhoTong!43	false
KHOTONG	2	VPP_B3ED6371C20A8E27E6E5CF90	2	24200	1	KhoTong!67	false
KHOTONG	2	VPP_827131E86E6D116331BF8077	1	30100	1	KhoTong!62	false
KHOTONG	2	VPP_980FA2A1AAA8AF7B40E21F73	2	30100	1	KhoTong!61	false
KHOTONG	2	VPP_FD0A3ACBE9242E19D6FF0C21	3	44100	1	KhoTong!60	false
KHOTONG	2	VPP_C61F3271D5EA2C67481FB4DA	2	3900	1	KhoTong!63	false
KHOTONG	2	VPP_DED50ACDCD723F5C78B696EF	3	3250	1	KhoTong!54	false
KHOTONG	2	VPP_B4DF94CB1BA5A4DC0529CEEF	33	3250	1	KhoTong!51	false
KHOTONG	2	VPP_2E8036912C0C118193AE0FB3	1	2900	1	KhoTong!64	false
KHOTONG	2	VPP_48B228F0E3896B14789E6066	1	6800	1	KhoTong!65	false
KHOTONG	2	VPP_1CAD0182C33B0C201E0E7789	2	6100	1	KhoTong!55	false
KHOTONG	2	VPP_F1F10A0AA7C0162BC5C93F8F	1	2950	1	KhoTong!39	false
KHOTONG	2	VPP_083E862BFE14BEC171B5C9BC	4	7900	1	KhoTong!71	false
KHOTONG	2	VPP_0C8815EFBEF04F6F413674EF	17	8200	1	KhoTong!52	false
KHOTONG	2	VPP_47C162C20BA3F03DF160D568	7	19500	1	KhoTong!57	false
KHOTONG	2	VPP_697967C70400818A86BE61DC	1	121000	1	KhoTong!40	false
KHOTONG	2	VPP_0D2F0C2E5801D03A9E544C8C	1	28500	1	KhoTong!41	false
KHOTONG	2	VPP_70F5BCD1C4C973F77E4CF1E1	2	30500	1	KhoTong!42	false
KHOTONG	2	VPP_16C225AD7EF7C255DD6CE9A9	1	22500	1	KhoTong!66	false
KHOTONG	2	VPP_A1A26C469897B42555440194	3	19700	1	KhoTong!75	false
KHOTONG	2	VPP_00F146CF554F30BB71CF8BA9	35	55000	1	KhoTong!53	false
KHOTONG	2	VPP_7B5DEC16E35EA0BA0606EF7F	1	8900	1	KhoTong!76	false
KHOTONG	2	VPP_7D250C1FBE3103C38C58497E	1	4400	1	KhoTong!69	false
KHOTONG	2	VPP_12C6C299C8B52F6DA4535E0D	15	3550	1	KhoTong!59	false
KHOTONG	2	VPP_636B3754AADA6A45ED850591	10	12700	1	KhoTong!74	false
KHOTONG	2	VPP_322CFB4A487EA26B992AA0FE	1	15000	1	KhoTong!73	false
KHOTONG	2	VPP_6A5D47BB91281275D6D59983	14	15000	1	KhoTong!56	false
KHOTONG	2	VPP_692E8E8DA3B3F963D6DDFE77	6	25300	1	KhoTong!49	false
KHOTONG	2	VPP_F2B06FA02ACA31A7B3E229DB	1	99500	1	KhoTong!44	false
KHOTONG	2	VPP_3367C3E5D2D4BE9214273249	3	35200	1	KhoTong!48	false
KHOTONG	2	VPP_DFCC3AE89E86E9177F2FB72F	1	27200	1	KhoTong!45	false
KHOTONG	2	VPP_BB71DB462583AD2E07C68C2E	1	298000	1	KhoTong!50	false
KHOTONG	2	VPP_FD34E17790FDEEA9205B15DF	2	27500	1	KhoTong!46	false
KHOTONG	2	VPP_34A0F6C9589A524AFD58C9FE	20	29000	1	KhoTong!70	false
KHOTONG	2	VPP_BBEE7E7EBBA7BF0008F36232	3	58000	1	KhoTong!72	false
KHOTONG	2	VPP_704C22D217532169FC57318A	1	151000	1	KhoTong!47	false
KHOTONG	2	VPP_520C20FE8281CB6D04C78047	1	65700	1	KhoTong!68	false
KHOTONG	3	VPP_084AC8B1E31EB7C36524411F	1	31500	1	KhoTong!98	false
KHOTONG	3	VPP_9743CEC7C70351023EE934C7	3	18700	1	KhoTong!83	false
KHOTONG	3	VPP_FD0A3ACBE9242E19D6FF0C21	1	44100	1	KhoTong!105	false
KHOTONG	3	VPP_C61F3271D5EA2C67481FB4DA	5	3900	1	KhoTong!100	false
KHOTONG	3	VPP_92CF692CC49E06B691976D0A	1	31000	1	KhoTong!106	false
KHOTONG	3	VPP_D3D6184575331F724008F1C0	3	3250	1	KhoTong!94	false
KHOTONG	3	VPP_6A721030CDE5BD1BCD7B271F	25	3250	1	KhoTong!91	false
KHOTONG	3	VPP_48B228F0E3896B14789E6066	2	6800	1	KhoTong!96	false
KHOTONG	3	VPP_1CAD0182C33B0C201E0E7789	2	6100	1	KhoTong!95	false
KHOTONG	3	VPP_0C8815EFBEF04F6F413674EF	15	8200	1	KhoTong!92	false
KHOTONG	3	VPP_47C162C20BA3F03DF160D568	8	19500	1	KhoTong!97	false
KHOTONG	3	VPP_0D2F0C2E5801D03A9E544C8C	2	28500	1	KhoTong!81	false
KHOTONG	3	VPP_70F5BCD1C4C973F77E4CF1E1	4	30500	1	KhoTong!82	false
KHOTONG	3	VPP_00F146CF554F30BB71CF8BA9	35	55000	1	KhoTong!93	false
KHOTONG	3	VPP_7B5DEC16E35EA0BA0606EF7F	1	8900	1	KhoTong!104	false
KHOTONG	3	VPP_BBBB58908D7F0D6E6F33AEF4	2	8400	1	KhoTong!107	false
KHOTONG	3	VPP_AB45011F6A3D2D1CD0BFDDAC	1	18800	1	KhoTong!108	false
KHOTONG	3	VPP_12C6C299C8B52F6DA4535E0D	10	3550	1	KhoTong!99	false
KHOTONG	3	VPP_636B3754AADA6A45ED850591	20	12700	1	KhoTong!101	false
KHOTONG	3	VPP_6A5D47BB91281275D6D59983	8	15000	1	KhoTong!77	false
KHOTONG	3	VPP_692E8E8DA3B3F963D6DDFE77	6	25300	1	KhoTong!89	false
KHOTONG	3	VPP_1675C18F9C2381128298E62B	1	29900	1	KhoTong!80	false
KHOTONG	3	VPP_F2B06FA02ACA31A7B3E229DB	1	99500	1	KhoTong!84	false
KHOTONG	3	VPP_2452F1E251F780280182D8B6	3	35200	1	KhoTong!88	false
KHOTONG	3	VPP_DFCC3AE89E86E9177F2FB72F	1	27200	1	KhoTong!85	false
KHOTONG	3	VPP_BB71DB462583AD2E07C68C2E	1	298000	1	KhoTong!90	false
KHOTONG	3	VPP_FD34E17790FDEEA9205B15DF	2	27500	1	KhoTong!86	false
KHOTONG	3	VPP_34A0F6C9589A524AFD58C9FE	20	29000	1	KhoTong!103	false
KHOTONG	3	VPP_24796C8C8FA762A540C83FB6	2	65000	1	KhoTong!102	false
KHOTONG	3	VPP_BBEE7E7EBBA7BF0008F36232	2	58000	1	KhoTong!78	false
KHOTONG	3	VPP_704C22D217532169FC57318A	1	151000	1	KhoTong!87	false
KHOTONG	3	VPP_520C20FE8281CB6D04C78047	2	65700	1	KhoTong!79	false
LIENVUNG1	2	VPP_084AC8B1E31EB7C36524411F	1	31500	1	LIÊN VÙNG 1!17	false
LIENVUNG1	2	VPP_04711541D044B314488B2993	1	14100	1	LIÊN VÙNG 1!18	false
LIENVUNG1	2	VPP_9743CEC7C70351023EE934C7	10	18700	1	LIÊN VÙNG 1!12	false
LIENVUNG1	2	VPP_B3ED6371C20A8E27E6E5CF90	2	24200	1	LIÊN VÙNG 1!16	false
LIENVUNG1	2	VPP_388F94CD206B9088205D64C3	1	278000	1	LIÊN VÙNG 1!6	false
LIENVUNG1	2	VPP_6F683CBE5BC2FDCC86A7D56C	1	30500	1	LIÊN VÙNG 1!9	false
LIENVUNG1	2	VPP_D461FD4A0E115F99D757287D	2	20400	1	LIÊN VÙNG 1!10	false
LIENVUNG1	2	VPP_FCAFD887359D2ABC41DD6CB2	4	30500	1	LIÊN VÙNG 1!14	false
LIENVUNG1	2	VPP_1B7F628BAEDEADF10C3FFABB	1	22000	1	LIÊN VÙNG 1!13	false
LIENVUNG1	2	VPP_1675C18F9C2381128298E62B	1	29900	1	LIÊN VÙNG 1!8	false
LIENVUNG1	2	VPP_2C6E897B5BE81115539F72A5	5	82000	1	LIÊN VÙNG 1!15	false
LIENVUNG1	2	VPP_B8126DE3FD01B6ECF258B6D7	1	80000	1	LIÊN VÙNG 1!7	false
LIENVUNG1	3	VPP_9C3F67284F34AB3F87B61AE3	2	62500	1	LIÊN VÙNG 1!21	false
LIENVUNG1	3	VPP_044B605501D64160EAF866DC	3	23500	1	LIÊN VÙNG 1!20	false
LIENVUNG1	3	VPP_BCABC627AFF574F1E01D1650	1	155000	1	LIÊN VÙNG 1!19	false
LONGAN	1	VPP_34D45B1E089677D5314D8405	2	115000	1	LongAn!6	false
LONGAN	1	VPP_4625CC216E438C7448B246D4	50	1950	1	LongAn!11	false
LONGAN	1	VPP_63DB06C4AFC579D2541D75D1	25	10200	1	LongAn!8	false
LONGAN	1	VPP_2A6DA4A232115E0BD248C2CF	20	10200	1	LongAn!9	false
LONGAN	1	VPP_FD0A3ACBE9242E19D6FF0C21	3	44100	1	LongAn!7	false
LONGAN	1	VPP_C61F3271D5EA2C67481FB4DA	4	3900	1	LongAn!10	false
LONGAN	1	VPP_6D93CBDBF0B607859F57497B	2	30500	1	LongAn!13	false
LONGAN	1	VPP_B0DDBC9A75A57D9BE66F846E	1	16500	1	LongAn!21	false
LONGAN	1	VPP_DED50ACDCD723F5C78B696EF	10	3250	1	LongAn!20	false
LONGAN	1	VPP_2E8036912C0C118193AE0FB3	60	2900	1	LongAn!24	false
LONGAN	1	VPP_FC78548B8D51584D97F9D7DD	1	6800	1	LongAn!25	false
LONGAN	1	VPP_48B228F0E3896B14789E6066	3	6800	1	LongAn!26	false
LONGAN	1	VPP_1FA67E442AD5264E224ABC21	4	2950	1	LongAn!23	false
LONGAN	1	VPP_F1F10A0AA7C0162BC5C93F8F	1	2950	1	LongAn!22	false
LONGAN	1	VPP_84E5A61FF505F7CE45F1C840	13	6600	1	LongAn!27	false
LONGAN	1	VPP_BF074043071874632B0F425A	18	7900	1	LongAn!29	false
LONGAN	1	VPP_5177513D677876CCBF44A9FF	27	7900	1	LongAn!30	false
LONGAN	1	VPP_083E862BFE14BEC171B5C9BC	16	7900	1	LongAn!28	false
LONGAN	1	VPP_00B9F8BD0D8D02D86617954B	40	8200	1	LongAn!31	false
LONGAN	1	VPP_0C8815EFBEF04F6F413674EF	21	8200	1	LongAn!32	false
LONGAN	1	VPP_47C162C20BA3F03DF160D568	9	19500	1	LongAn!34	false
LONGAN	1	VPP_E18F602781ED69156EA49BFA	1	18300	1	LongAn!33	false
LONGAN	1	VPP_A1A26C469897B42555440194	1	19700	1	LongAn!12	false
LONGAN	1	VPP_C9688B03D19FBF90A74484B3	1	126000	1	LongAn!40	false
LONGAN	1	VPP_00F146CF554F30BB71CF8BA9	104	55000	1	LongAn!37	false
LONGAN	1	VPP_3E1CF5FE8FE895C01C6F1EFD	9	31900	1	LongAn!38	false
LONGAN	1	VPP_AC3CEA66BA9F95DD2972F065	1	90000	1	LongAn!41	false
LONGAN	1	VPP_C93139806E5E6FA7B6108E20	2	15200	1	LongAn!16	false
LONGAN	1	VPP_07B6EFD202371277FDA7FF55	3	4200	1	LongAn!14	false
LONGAN	1	VPP_29D7F7162C43C555EB080572	3	13300	1	LongAn!15	false
LONGAN	1	VPP_F6550946F385CE5FCD057EE6	2	3150	1	LongAn!18	false
LONGAN	1	VPP_12C6C299C8B52F6DA4535E0D	10	3550	1	LongAn!17	false
LONGAN	1	VPP_9D6FCF2D426B48B36063CEB9	1	8100	1	LongAn!39	false
LONGAN	1	VPP_63F4452B9F94AD96C2ABF57F	193	2250	1	LongAn!19	false
LONGAN	1	VPP_B227921013D15697216EA500	2	12500	1	LongAn!35	false
LONGAN	1	VPP_583BB7CA73B8AC53663B2683	23	6500	1	LongAn!36	false
LONGAN	2	VPP_6584B40881F03D8C813B2D72	10	1450	1	LongAn!76	false
LONGAN	2	VPP_4625CC216E438C7448B246D4	40	1950	1	LongAn!45	false
LONGAN	2	VPP_63DB06C4AFC579D2541D75D1	5	10200	1	LongAn!43	false
LONGAN	2	VPP_FD0A3ACBE9242E19D6FF0C21	10	44100	1	LongAn!42	false
LONGAN	2	VPP_C61F3271D5EA2C67481FB4DA	3	3900	1	LongAn!44	false
LONGAN	2	VPP_6D93CBDBF0B607859F57497B	2	30500	1	LongAn!46	false
LONGAN	2	VPP_B0DDBC9A75A57D9BE66F846E	1	16500	1	LongAn!54	false
LONGAN	2	VPP_DED50ACDCD723F5C78B696EF	10	3250	1	LongAn!53	false
LONGAN	2	VPP_2E8036912C0C118193AE0FB3	77	2900	1	LongAn!57	false
LONGAN	2	VPP_F57370A7282AFEA6EBC72314	2	6800	1	LongAn!60	false
LONGAN	2	VPP_FC78548B8D51584D97F9D7DD	2	6800	1	LongAn!58	false
LONGAN	2	VPP_48B228F0E3896B14789E6066	2	6800	1	LongAn!59	false
LONGAN	2	VPP_1FA67E442AD5264E224ABC21	4	2950	1	LongAn!55	false
LONGAN	2	VPP_8A6004587DAB5F97101D2DAA	1	2950	1	LongAn!56	false
LONGAN	2	VPP_84E5A61FF505F7CE45F1C840	13	6600	1	LongAn!61	false
LONGAN	2	VPP_BF074043071874632B0F425A	28	7900	1	LongAn!63	false
LONGAN	2	VPP_5177513D677876CCBF44A9FF	32	7900	1	LongAn!64	false
LONGAN	2	VPP_083E862BFE14BEC171B5C9BC	16	7900	1	LongAn!62	false
LONGAN	2	VPP_00B9F8BD0D8D02D86617954B	50	8200	1	LongAn!65	false
LONGAN	2	VPP_0C8815EFBEF04F6F413674EF	21	8200	1	LongAn!66	false
LONGAN	2	VPP_47C162C20BA3F03DF160D568	6	19500	1	LongAn!68	false
LONGAN	2	VPP_E18F602781ED69156EA49BFA	6	18300	1	LongAn!67	false
LONGAN	2	VPP_00F146CF554F30BB71CF8BA9	100	55000	1	LongAn!71	false
LONGAN	2	VPP_3E1CF5FE8FE895C01C6F1EFD	4	31900	1	LongAn!72	false
LONGAN	2	VPP_0F05A8140A0628013EB46DCD	1	830	1	LongAn!74	false
LONGAN	2	VPP_AC3CEA66BA9F95DD2972F065	4	90000	1	LongAn!75	false
LONGAN	2	VPP_8907E31DC17126301A48F565	2	6800	1	LongAn!79	false
LONGAN	2	VPP_4BDD62C632862AF38A8DA267	1	98000	1	LongAn!77	false
LONGAN	2	VPP_C93139806E5E6FA7B6108E20	1	15200	1	LongAn!50	false
LONGAN	2	VPP_07B6EFD202371277FDA7FF55	5	4200	1	LongAn!47	false
LONGAN	2	VPP_29D7F7162C43C555EB080572	5	13300	1	LongAn!48	false
LONGAN	2	VPP_AB45011F6A3D2D1CD0BFDDAC	1	18800	1	LongAn!49	false
LONGAN	2	VPP_12C6C299C8B52F6DA4535E0D	14	3550	1	LongAn!51	false
LONGAN	2	VPP_636B3754AADA6A45ED850591	1	12700	1	LongAn!78	false
LONGAN	2	VPP_D6A9098D71BEA30D06FEBA85	7	39500	1	LongAn!80	false
LONGAN	2	VPP_2F1AA17A8362A7EDAF6F3140	4	39500	1	LongAn!81	false
LONGAN	2	VPP_9D6FCF2D426B48B36063CEB9	1	8100	1	LongAn!73	false
LONGAN	2	VPP_63F4452B9F94AD96C2ABF57F	203	2250	1	LongAn!52	false
LONGAN	2	VPP_B227921013D15697216EA500	1	12500	1	LongAn!69	false
LONGAN	2	VPP_583BB7CA73B8AC53663B2683	42	6500	1	LongAn!70	false
LONGAN	3	VPP_34D45B1E089677D5314D8405	1	115000	1	LongAn!83	false
LONGAN	3	VPP_084AC8B1E31EB7C36524411F	1	31500	1	LongAn!82	false
LONGAN	3	VPP_4625CC216E438C7448B246D4	70	1950	1	LongAn!87	false
LONGAN	3	VPP_63DB06C4AFC579D2541D75D1	5	10200	1	LongAn!85	false
LONGAN	3	VPP_FD0A3ACBE9242E19D6FF0C21	3	44100	1	LongAn!84	false
LONGAN	3	VPP_C61F3271D5EA2C67481FB4DA	1	3900	1	LongAn!86	false
LONGAN	3	VPP_B0DDBC9A75A57D9BE66F846E	1	16500	1	LongAn!93	false
LONGAN	3	VPP_DED50ACDCD723F5C78B696EF	10	3250	1	LongAn!92	false
LONGAN	3	VPP_2E8036912C0C118193AE0FB3	88	2900	1	LongAn!96	false
LONGAN	3	VPP_F57370A7282AFEA6EBC72314	1	6800	1	LongAn!98	false
LONGAN	3	VPP_48B228F0E3896B14789E6066	1	6800	1	LongAn!97	false
LONGAN	3	VPP_1FA67E442AD5264E224ABC21	4	2950	1	LongAn!94	false
LONGAN	3	VPP_8A6004587DAB5F97101D2DAA	3	2950	1	LongAn!95	false
LONGAN	3	VPP_84E5A61FF505F7CE45F1C840	13	6600	1	LongAn!99	false
LONGAN	3	VPP_BF074043071874632B0F425A	28	7900	1	LongAn!101	false
LONGAN	3	VPP_5177513D677876CCBF44A9FF	22	7900	1	LongAn!102	false
LONGAN	3	VPP_083E862BFE14BEC171B5C9BC	22	7900	1	LongAn!100	false
LONGAN	3	VPP_00B9F8BD0D8D02D86617954B	60	8200	1	LongAn!103	false
LONGAN	3	VPP_0C8815EFBEF04F6F413674EF	21	8200	1	LongAn!104	false
LONGAN	3	VPP_47C162C20BA3F03DF160D568	4	19500	1	LongAn!106	false
LONGAN	3	VPP_E18F602781ED69156EA49BFA	1	18300	1	LongAn!105	false
LONGAN	3	VPP_00F146CF554F30BB71CF8BA9	95	55000	1	LongAn!110	false
LONGAN	3	VPP_3E1CF5FE8FE895C01C6F1EFD	4	31900	1	LongAn!111	false
LONGAN	3	VPP_AC3CEA66BA9F95DD2972F065	1	90000	1	LongAn!112	false
LONGAN	3	VPP_8907E31DC17126301A48F565	2	6800	1	LongAn!114	false
LONGAN	3	VPP_C93139806E5E6FA7B6108E20	1	15200	1	LongAn!89	false
LONGAN	3	VPP_29D7F7162C43C555EB080572	3	13300	1	LongAn!88	false
LONGAN	3	VPP_12C6C299C8B52F6DA4535E0D	11	3550	1	LongAn!90	false
LONGAN	3	VPP_636B3754AADA6A45ED850591	1	12700	1	LongAn!113	false
LONGAN	3	VPP_D6A9098D71BEA30D06FEBA85	2	39500	1	LongAn!115	false
LONGAN	3	VPP_2F1AA17A8362A7EDAF6F3140	1	39500	1	LongAn!116	false
LONGAN	3	VPP_63F4452B9F94AD96C2ABF57F	183	2250	1	LongAn!91	false
LONGAN	3	VPP_B227921013D15697216EA500	1	12500	1	LongAn!107	false
LONGAN	3	VPP_EC97C2285D92D16DB12A2EC4	3	9500	1	LongAn!109	false
LONGAN	3	VPP_583BB7CA73B8AC53663B2683	26	6500	1	LongAn!108	false
MAULONGAN	1	VPP_620DAB8ECFE7336B86A971F8	15	3150	1	MayMauLongAn!6	false
MAULONGAN	1	VPP_F619979572276FB062A5B165	10	6000	1	MayMauLongAn!7	false
MAULONGAN	1	VPP_AC7C38A7F3DD7588B2E65F73	5	7800	1	MayMauLongAn!9	false
MAULONGAN	1	VPP_F61B54D2E6C19B80A008F848	7	19900	1	MayMauLongAn!8	false
MAULONGAN	1	VPP_04711541D044B314488B2993	6	14100	1	MayMauLongAn!10	false
MAULONGAN	1	VPP_5DB170D0EAC19B9F7A351F09	30	64000	1	MayMauLongAn!11	false
MAULONGAN	2	VPP_620DAB8ECFE7336B86A971F8	15	3150	1	MayMauLongAn!12	false
MAULONGAN	2	VPP_F619979572276FB062A5B165	10	6000	1	MayMauLongAn!13	false
MAULONGAN	2	VPP_AC7C38A7F3DD7588B2E65F73	5	7800	1	MayMauLongAn!15	false
MAULONGAN	2	VPP_F61B54D2E6C19B80A008F848	7	19900	1	MayMauLongAn!14	false
MAULONGAN	2	VPP_04711541D044B314488B2993	6	14100	1	MayMauLongAn!16	false
MAULONGAN	3	VPP_70E69C8D45763D3701B01069	20	15500	1	MayMauLongAn!22	false
MAULONGAN	3	VPP_620DAB8ECFE7336B86A971F8	15	3150	1	MayMauLongAn!17	false
MAULONGAN	3	VPP_F619979572276FB062A5B165	10	6000	1	MayMauLongAn!18	false
MAULONGAN	3	VPP_AC7C38A7F3DD7588B2E65F73	5	7800	1	MayMauLongAn!20	false
MAULONGAN	3	VPP_F61B54D2E6C19B80A008F848	7	19900	1	MayMauLongAn!19	false
MAULONGAN	3	VPP_04711541D044B314488B2993	6	14100	1	MayMauLongAn!21	false
MAULONGAN	3	VPP_1D099F9DD1F9C33274DBA2C8	20	18500	1	MayMauLongAn!23	false
NHOMFITTECHRAP	1	VPP_F639822CBB882D92AB85CB29	6	2650	1	FittechRap!14	false
NHOMFITTECHRAP	1	VPP_E33C3FD2E20FAFA535A1C606	6	5200	1	FittechRap!13	false
NHOMFITTECHRAP	1	VPP_303B96ABC54BA0C5A8978709	7	9600	1	FittechRap!15	false
NHOMFITTECHRAP	1	VPP_620DAB8ECFE7336B86A971F8	3	3150	1	FittechRap!19	false
NHOMFITTECHRAP	1	VPP_F619979572276FB062A5B165	9	6000	1	FittechRap!18	false
NHOMFITTECHRAP	1	VPP_79FFDC0D6B3AEBB44D7B94D3	15	3900	1	FittechRap!17	false
NHOMFITTECHRAP	1	VPP_AC7C38A7F3DD7588B2E65F73	9	7800	1	FittechRap!16	false
NHOMFITTECHRAP	1	VPP_2D5F01DA9DD63C4779AE3A74	5	15600	1	FittechRap!20	false
NHOMFITTECHRAP	1	VPP_FA6E27AF1296E3EE49CE969C	2	2600	1	FittechRap!12	false
NHOMFITTECHRAP	1	VPP_63DB06C4AFC579D2541D75D1	320	10200	1	FittechRap!21	false
NHOMFITTECHRAP	1	VPP_2A6DA4A232115E0BD248C2CF	30	10200	1	FittechRap!22	false
NHOMFITTECHRAP	1	VPP_FD0A3ACBE9242E19D6FF0C21	10	44100	1	FittechRap!23	false
NHOMFITTECHRAP	1	VPP_4656D210C41D4A62F1C6DC04	2	45000	1	FittechRap!47	false
NHOMFITTECHRAP	1	VPP_DED50ACDCD723F5C78B696EF	10	3250	1	FittechRap!7	false
NHOMFITTECHRAP	1	VPP_B4DF94CB1BA5A4DC0529CEEF	40	3250	1	FittechRap!6	false
NHOMFITTECHRAP	1	VPP_2E8036912C0C118193AE0FB3	6	2900	1	FittechRap!9	false
NHOMFITTECHRAP	1	VPP_F57370A7282AFEA6EBC72314	2	6800	1	FittechRap!35	false
NHOMFITTECHRAP	1	VPP_E28FC4A10C0381542A669396	2	6800	1	FittechRap!36	false
NHOMFITTECHRAP	1	VPP_48B228F0E3896B14789E6066	1	6800	1	FittechRap!37	false
NHOMFITTECHRAP	1	VPP_31652BF5F2AFF0AE3F4DABD9	1	6600	1	FittechRap!40	false
NHOMFITTECHRAP	1	VPP_84E5A61FF505F7CE45F1C840	5	6600	1	FittechRap!41	false
NHOMFITTECHRAP	1	VPP_BF074043071874632B0F425A	4	7900	1	FittechRap!11	false
NHOMFITTECHRAP	1	VPP_083E862BFE14BEC171B5C9BC	5	7900	1	FittechRap!10	false
NHOMFITTECHRAP	1	VPP_47C162C20BA3F03DF160D568	7	19500	1	FittechRap!8	false
NHOMFITTECHRAP	1	VPP_16C225AD7EF7C255DD6CE9A9	2	22500	1	FittechRap!48	false
NHOMFITTECHRAP	1	VPP_A26CE18196F7EAC5E6DD5F65	6	10500	1	FittechRap!30	false
NHOMFITTECHRAP	1	VPP_00F146CF554F30BB71CF8BA9	90	55000	1	FittechRap!24	false
NHOMFITTECHRAP	1	VPP_5ED136018C5600AD92077AFB	1	68500	1	FittechRap!46	false
NHOMFITTECHRAP	1	VPP_044B605501D64160EAF866DC	5	23500	1	FittechRap!44	false
NHOMFITTECHRAP	1	VPP_B345DC72BD6A87306ED6EF11	6	6200	1	FittechRap!25	false
NHOMFITTECHRAP	1	VPP_7D250C1FBE3103C38C58497E	5	4400	1	FittechRap!33	false
NHOMFITTECHRAP	1	VPP_4D4DDAF9A4BC66E7398C7E6F	6	5600	1	FittechRap!29	false
NHOMFITTECHRAP	1	VPP_F331289BEBF74D733CB9CC70	2	79000	1	FittechRap!43	false
NHOMFITTECHRAP	1	VPP_C93139806E5E6FA7B6108E20	6	15200	1	FittechRap!28	false
NHOMFITTECHRAP	1	VPP_94FA8E0A4E1257204EC95728	1	105000	1	FittechRap!42	false
NHOMFITTECHRAP	1	VPP_12C6C299C8B52F6DA4535E0D	1	3550	1	FittechRap!27	false
NHOMFITTECHRAP	1	VPP_51EFDAE6F718AB32ABF62F73	3	25000	1	FittechRap!39	false
NHOMFITTECHRAP	1	VPP_D6A9098D71BEA30D06FEBA85	1	39500	1	FittechRap!45	false
NHOMFITTECHRAP	1	VPP_6E0E11FF48294D6F5EEF5445	2	4500	1	FittechRap!34	false
NHOMFITTECHRAP	1	VPP_B227921013D15697216EA500	7	12500	1	FittechRap!32	false
NHOMFITTECHRAP	1	VPP_583BB7CA73B8AC53663B2683	1	6500	1	FittechRap!31	false
NHOMFITTECHRAP	1	VPP_B8126DE3FD01B6ECF258B6D7	2	80000	1	FittechRap!50	false
NHOMFITTECHRAP	1	VPP_BCABC627AFF574F1E01D1650	1	155000	1	FittechRap!49	false
NHOMFITTECHRAP	1	VPP_596B48C6DAA990732B950276	8	36500	1	FittechRap!26	false
NHOMFITTECHRAP	1	VPP_3B454C60EC704AE741E1DA37	3	4900	1	FittechRap!38	false
NHOMFITTECHRAP	2	VPP_084AC8B1E31EB7C36524411F	3	31500	1	FittechRap!85	false
NHOMFITTECHRAP	2	VPP_07382AD2CA678568F61E68DD	1	42100	1	FittechRap!87	false
NHOMFITTECHRAP	2	VPP_F639822CBB882D92AB85CB29	4	2650	1	FittechRap!60	false
NHOMFITTECHRAP	2	VPP_E33C3FD2E20FAFA535A1C606	7	5200	1	FittechRap!59	false
NHOMFITTECHRAP	2	VPP_303B96ABC54BA0C5A8978709	5	9600	1	FittechRap!61	false
NHOMFITTECHRAP	2	VPP_F619979572276FB062A5B165	12	6000	1	FittechRap!64	false
NHOMFITTECHRAP	2	VPP_79FFDC0D6B3AEBB44D7B94D3	6	3900	1	FittechRap!63	false
NHOMFITTECHRAP	2	VPP_AC7C38A7F3DD7588B2E65F73	5	7800	1	FittechRap!62	false
NHOMFITTECHRAP	2	VPP_2D5F01DA9DD63C4779AE3A74	4	15600	1	FittechRap!65	false
NHOMFITTECHRAP	2	VPP_FA6E27AF1296E3EE49CE969C	9	2600	1	FittechRap!58	false
NHOMFITTECHRAP	2	VPP_63DB06C4AFC579D2541D75D1	410	10200	1	FittechRap!66	false
NHOMFITTECHRAP	2	VPP_FD0A3ACBE9242E19D6FF0C21	9	44100	1	FittechRap!67	false
NHOMFITTECHRAP	2	VPP_DED50ACDCD723F5C78B696EF	2	3250	1	FittechRap!52	false
NHOMFITTECHRAP	2	VPP_B4DF94CB1BA5A4DC0529CEEF	54	3250	1	FittechRap!51	false
NHOMFITTECHRAP	2	VPP_0810C4338C72B0128750035E	3	11700	1	FittechRap!55	false
NHOMFITTECHRAP	2	VPP_2E8036912C0C118193AE0FB3	4	2900	1	FittechRap!54	false
NHOMFITTECHRAP	2	VPP_FC78548B8D51584D97F9D7DD	1	6800	1	FittechRap!79	false
NHOMFITTECHRAP	2	VPP_E28FC4A10C0381542A669396	3	6800	1	FittechRap!77	false
NHOMFITTECHRAP	2	VPP_1CAD0182C33B0C201E0E7789	6	6100	1	FittechRap!78	false
NHOMFITTECHRAP	2	VPP_31652BF5F2AFF0AE3F4DABD9	3	6600	1	FittechRap!81	false
NHOMFITTECHRAP	2	VPP_84E5A61FF505F7CE45F1C840	7	6600	1	FittechRap!82	false
NHOMFITTECHRAP	2	VPP_BF074043071874632B0F425A	3	7900	1	FittechRap!57	false
NHOMFITTECHRAP	2	VPP_083E862BFE14BEC171B5C9BC	13	7900	1	FittechRap!56	false
NHOMFITTECHRAP	2	VPP_47C162C20BA3F03DF160D568	6	19500	1	FittechRap!53	false
NHOMFITTECHRAP	2	VPP_A26CE18196F7EAC5E6DD5F65	10	10500	1	FittechRap!75	false
NHOMFITTECHRAP	2	VPP_00F146CF554F30BB71CF8BA9	76	55000	1	FittechRap!68	false
NHOMFITTECHRAP	2	VPP_5ED136018C5600AD92077AFB	1	68500	1	FittechRap!69	false
NHOMFITTECHRAP	2	VPP_B345DC72BD6A87306ED6EF11	9	6200	1	FittechRap!70	false
NHOMFITTECHRAP	2	VPP_4D4DDAF9A4BC66E7398C7E6F	4	5600	1	FittechRap!74	false
NHOMFITTECHRAP	2	VPP_F331289BEBF74D733CB9CC70	2	79000	1	FittechRap!84	false
NHOMFITTECHRAP	2	VPP_C93139806E5E6FA7B6108E20	4	15200	1	FittechRap!73	false
NHOMFITTECHRAP	2	VPP_94FA8E0A4E1257204EC95728	1	105000	1	FittechRap!83	false
NHOMFITTECHRAP	2	VPP_12C6C299C8B52F6DA4535E0D	1	3550	1	FittechRap!72	false
NHOMFITTECHRAP	2	VPP_B227921013D15697216EA500	8	12500	1	FittechRap!76	false
NHOMFITTECHRAP	2	VPP_596B48C6DAA990732B950276	3	36500	1	FittechRap!71	false
NHOMFITTECHRAP	2	VPP_3B454C60EC704AE741E1DA37	3	4900	1	FittechRap!86	false
NHOMFITTECHRAP	2	VPP_334696A10FF96A05500F0969	2	18500	1	FittechRap!80	false
NHOMFITTECHRAP	3	VPP_084AC8B1E31EB7C36524411F	1	31500	1	FittechRap!123	false
NHOMFITTECHRAP	3	VPP_07382AD2CA678568F61E68DD	1	42100	1	FittechRap!125	false
NHOMFITTECHRAP	3	VPP_F639822CBB882D92AB85CB29	7	2650	1	FittechRap!97	false
NHOMFITTECHRAP	3	VPP_E33C3FD2E20FAFA535A1C606	10	5200	1	FittechRap!96	false
NHOMFITTECHRAP	3	VPP_303B96ABC54BA0C5A8978709	7	9600	1	FittechRap!98	false
NHOMFITTECHRAP	3	VPP_620DAB8ECFE7336B86A971F8	2	3150	1	FittechRap!102	false
NHOMFITTECHRAP	3	VPP_F619979572276FB062A5B165	11	6000	1	FittechRap!101	false
NHOMFITTECHRAP	3	VPP_79FFDC0D6B3AEBB44D7B94D3	3	3900	1	FittechRap!100	false
NHOMFITTECHRAP	3	VPP_AC7C38A7F3DD7588B2E65F73	6	7800	1	FittechRap!99	false
NHOMFITTECHRAP	3	VPP_2D5F01DA9DD63C4779AE3A74	3	15600	1	FittechRap!103	false
NHOMFITTECHRAP	3	VPP_FA6E27AF1296E3EE49CE969C	5	2600	1	FittechRap!95	false
NHOMFITTECHRAP	3	VPP_BBBCA4276156A7826127FF70	50	520	1	FittechRap!130	false
NHOMFITTECHRAP	3	VPP_6584B40881F03D8C813B2D72	20	1450	1	FittechRap!129	false
NHOMFITTECHRAP	3	VPP_63DB06C4AFC579D2541D75D1	380	10200	1	FittechRap!104	false
NHOMFITTECHRAP	3	VPP_FD0A3ACBE9242E19D6FF0C21	11	44100	1	FittechRap!105	false
NHOMFITTECHRAP	3	VPP_82E3C8620D2A675621300A69	2	19500	1	FittechRap!128	false
NHOMFITTECHRAP	3	VPP_C149410B2F3D29D421B8AEEC	12	8200	1	FittechRap!133	false
NHOMFITTECHRAP	3	VPP_DED50ACDCD723F5C78B696EF	13	3250	1	FittechRap!89	false
NHOMFITTECHRAP	3	VPP_B4DF94CB1BA5A4DC0529CEEF	52	3250	1	FittechRap!88	false
NHOMFITTECHRAP	3	VPP_653AD43BB4A6338E70F9F0A3	3	11500	1	FittechRap!92	false
NHOMFITTECHRAP	3	VPP_2E8036912C0C118193AE0FB3	11	2900	1	FittechRap!91	false
NHOMFITTECHRAP	3	VPP_E28FC4A10C0381542A669396	2	6800	1	FittechRap!115	false
NHOMFITTECHRAP	3	VPP_48B228F0E3896B14789E6066	1	6800	1	FittechRap!117	false
NHOMFITTECHRAP	3	VPP_31652BF5F2AFF0AE3F4DABD9	10	6600	1	FittechRap!119	false
NHOMFITTECHRAP	3	VPP_84E5A61FF505F7CE45F1C840	10	6600	1	FittechRap!120	false
NHOMFITTECHRAP	3	VPP_BF074043071874632B0F425A	1	7900	1	FittechRap!94	false
NHOMFITTECHRAP	3	VPP_083E862BFE14BEC171B5C9BC	4	7900	1	FittechRap!93	false
NHOMFITTECHRAP	3	VPP_47C162C20BA3F03DF160D568	7	19500	1	FittechRap!90	false
NHOMFITTECHRAP	3	VPP_A26CE18196F7EAC5E6DD5F65	8	10500	1	FittechRap!113	false
NHOMFITTECHRAP	3	VPP_00F146CF554F30BB71CF8BA9	58	55000	1	FittechRap!106	false
NHOMFITTECHRAP	3	VPP_B345DC72BD6A87306ED6EF11	10	6200	1	FittechRap!108	false
NHOMFITTECHRAP	3	VPP_7D250C1FBE3103C38C58497E	1	4400	1	FittechRap!127	false
NHOMFITTECHRAP	3	VPP_4D4DDAF9A4BC66E7398C7E6F	9	5600	1	FittechRap!112	false
NHOMFITTECHRAP	3	VPP_C93139806E5E6FA7B6108E20	5	15200	1	FittechRap!111	false
NHOMFITTECHRAP	3	VPP_94FA8E0A4E1257204EC95728	1	105000	1	FittechRap!131	false
NHOMFITTECHRAP	3	VPP_12C6C299C8B52F6DA4535E0D	1	3550	1	FittechRap!110	false
NHOMFITTECHRAP	3	VPP_51EFDAE6F718AB32ABF62F73	1	25000	1	FittechRap!132	false
NHOMFITTECHRAP	3	VPP_49B85DC7CA1938D1BEE9C2FF	2	14500	1	FittechRap!126	false
NHOMFITTECHRAP	3	VPP_B227921013D15697216EA500	2	12500	1	FittechRap!114	false
NHOMFITTECHRAP	3	VPP_596B48C6DAA990732B950276	14	36500	1	FittechRap!109	false
NHOMFITTECHRAP	3	VPP_0105FAE39D6FA6FC74661BAB	1	3200	1	FittechRap!124	false
NHOMFITTECHRAP	3	VPP_334696A10FF96A05500F0969	4	18500	1	FittechRap!118	false
NSTL	1	VPP_2D5F01DA9DD63C4779AE3A74	5	15600	1	NSTL!13	false
NSTL	1	VPP_63DB06C4AFC579D2541D75D1	5	10200	1	NSTL!14	false
NSTL	1	VPP_DED50ACDCD723F5C78B696EF	3	3250	1	NSTL!10	false
NSTL	1	VPP_132A2BBE1F4260CA2EAB57C3	3	5200	1	NSTL!12	false
NSTL	1	VPP_9C3F67284F34AB3F87B61AE3	5	62500	1	NSTL!7	false
NSTL	1	VPP_044B605501D64160EAF866DC	2	23500	1	NSTL!9	false
NSTL	1	VPP_7D250C1FBE3103C38C58497E	3	4400	1	NSTL!11	false
NSTL	1	VPP_8907E31DC17126301A48F565	2	6800	1	NSTL!8	false
NSTL	1	VPP_B97016D5C63AE43B47541BE6	1	9100	1	NSTL!6	false
NSTL	1	VPP_5E486296B2A1A4C1670C9C08	10	13500	1	NSTL!15	false
NSTL	2	VPP_084AC8B1E31EB7C36524411F	1	31500	1	NSTL!18	false
NSTL	2	VPP_9C3F67284F34AB3F87B61AE3	5	62500	1	NSTL!16	false
NSTL	2	VPP_044B605501D64160EAF866DC	1	23500	1	NSTL!17	false
NSTL	2	VPP_8907E31DC17126301A48F565	3	6800	1	NSTL!21	false
NSTL	2	VPP_12C6C299C8B52F6DA4535E0D	5	3550	1	NSTL!19	false
NSTL	2	VPP_B50F2B25582F9B4C295B4D88	5	29500	1	NSTL!20	false
NSTL	3	VPP_A1843168E69B4D667321E60B	2	3200	1	NSTL!23	false
NSTL	3	VPP_9C3F67284F34AB3F87B61AE3	2	62500	1	NSTL!24	false
NSTL	3	VPP_044B605501D64160EAF866DC	1	23500	1	NSTL!25	false
NSTL	3	VPP_C93139806E5E6FA7B6108E20	4	15200	1	NSTL!22	false
PHAPCHE	1	VPP_E1359D67A50137B334D8A684	10	1800	1	PhapChe!81	false
PHAPCHE	1	VPP_4625CC216E438C7448B246D4	50	1950	1	PhapChe!19	false
PHAPCHE	1	VPP_1B1A221F74BCB87C1072F85A	2	53100	1	PhapChe!23	false
PHAPCHE	1	VPP_1FA67E442AD5264E224ABC21	2	2950	1	PhapChe!79	false
PHAPCHE	1	VPP_F1F10A0AA7C0162BC5C93F8F	2	2950	1	PhapChe!78	false
PHAPCHE	1	VPP_9C3F67284F34AB3F87B61AE3	7	62500	1	PhapChe!18	false
PHAPCHE	1	VPP_044B605501D64160EAF866DC	2	23500	1	PhapChe!77	false
PHAPCHE	1	VPP_FEB5EB6F2EC92B39A6E56332	3	12500	1	PhapChe!22	false
PHAPCHE	1	VPP_B345DC72BD6A87306ED6EF11	3	6200	1	PhapChe!20	false
PHAPCHE	1	VPP_F6550946F385CE5FCD057EE6	3	3150	1	PhapChe!24	false
PHAPCHE	1	VPP_4FA5218353791647D8532A7A	3	12500	1	PhapChe!21	false
PHAPCHE	1	VPP_80180D0293A6A1B1B8EE13D1	1	28500	1	PhapChe!80	false
PHAPCHE	2	VPP_E1359D67A50137B334D8A684	5	1800	1	PhapChe!25	false
PHAPCHE	2	VPP_4625CC216E438C7448B246D4	30	1950	1	PhapChe!30	false
PHAPCHE	2	VPP_57741C38387602E8ED9CB12E	3	3250	1	PhapChe!88	false
PHAPCHE	2	VPP_B4DF94CB1BA5A4DC0529CEEF	10	3250	1	PhapChe!83	false
PHAPCHE	2	VPP_A1843168E69B4D667321E60B	3	3200	1	PhapChe!84	false
PHAPCHE	2	VPP_2F0754FF849B2148B0E1523F	5	7200	1	PhapChe!29	false
PHAPCHE	2	VPP_8A6004587DAB5F97101D2DAA	3	2950	1	PhapChe!87	false
PHAPCHE	2	VPP_9C3F67284F34AB3F87B61AE3	5	62500	1	PhapChe!86	false
PHAPCHE	2	VPP_044B605501D64160EAF866DC	4	23500	1	PhapChe!82	false
PHAPCHE	2	VPP_6D053FDB7257126A8F2E56CE	2	23500	1	PhapChe!26	false
PHAPCHE	2	VPP_7D250C1FBE3103C38C58497E	3	4400	1	PhapChe!85	false
PHAPCHE	2	VPP_8907E31DC17126301A48F565	1	6800	1	PhapChe!27	false
PHAPCHE	2	VPP_9709D0EEAA21CBCB08541B2F	1	4500	1	PhapChe!28	false
PHAPCHE	2	VPP_F6550946F385CE5FCD057EE6	4	3150	1	PhapChe!89	false
PHAPCHE	3	VPP_084AC8B1E31EB7C36524411F	1	31500	1	PhapChe!34	false
PHAPCHE	3	VPP_F6A97031A20B6DDE93B55997	1	11200	1	PhapChe!32	false
PHAPCHE	3	VPP_1B1A221F74BCB87C1072F85A	3	53100	1	PhapChe!90	false
PHAPCHE	3	VPP_A1843168E69B4D667321E60B	2	3200	1	PhapChe!37	false
PHAPCHE	3	VPP_F71D762546FCCACBABE5E5AD	1	6100	1	PhapChe!36	false
PHAPCHE	3	VPP_47C162C20BA3F03DF160D568	2	19500	1	PhapChe!91	false
PHAPCHE	3	VPP_E18F602781ED69156EA49BFA	1	18300	1	PhapChe!92	false
PHAPCHE	3	VPP_9C3F67284F34AB3F87B61AE3	5	62500	1	PhapChe!33	false
PHAPCHE	3	VPP_7D250C1FBE3103C38C58497E	1	4400	1	PhapChe!38	false
PHAPCHE	3	VPP_8907E31DC17126301A48F565	2	6800	1	PhapChe!93	false
PHAPCHE	3	VPP_57D3AD792D3B3721338CE610	1	45000	1	PhapChe!35	false
PHAPCHE	3	VPP_C93139806E5E6FA7B6108E20	3	15200	1	PhapChe!31	false
PHAPCHE	4	VPP_DED50ACDCD723F5C78B696EF	2	3250	1	PhapChe!41	false
PHAPCHE	4	VPP_B4DF94CB1BA5A4DC0529CEEF	5	3250	1	PhapChe!40	false
PHAPCHE	4	VPP_6D053FDB7257126A8F2E56CE	4	23500	1	PhapChe!39	false
PHAPCHE	5	VPP_9C3F67284F34AB3F87B61AE3	5	62500	1	PhapChe!42	false
PHAPCHE	6	VPP_B4DF94CB1BA5A4DC0529CEEF	5	3250	1	PhapChe!45	false
PHAPCHE	6	VPP_6D053FDB7257126A8F2E56CE	1	23500	1	PhapChe!44	false
PHAPCHE	6	VPP_B50F2B25582F9B4C295B4D88	3	29500	1	PhapChe!43	false
PHAPCHE	7	VPP_2D5F01DA9DD63C4779AE3A74	3	15600	1	PhapChe!49	false
PHAPCHE	7	VPP_F61B54D2E6C19B80A008F848	2	19900	1	PhapChe!50	false
PHAPCHE	7	VPP_E1359D67A50137B334D8A684	5	1800	1	PhapChe!48	false
PHAPCHE	7	VPP_A1843168E69B4D667321E60B	5	3200	1	PhapChe!47	false
PHAPCHE	7	VPP_9C3F67284F34AB3F87B61AE3	5	62500	1	PhapChe!46	false
PHAPCHE	8	VPP_303B96ABC54BA0C5A8978709	1	9600	1	PhapChe!55	false
PHAPCHE	8	VPP_506033EA3026EE18CBC0A735	1	11200	1	PhapChe!54	false
PHAPCHE	8	VPP_6A721030CDE5BD1BCD7B271F	5	3250	1	PhapChe!53	false
PHAPCHE	8	VPP_B4DF94CB1BA5A4DC0529CEEF	5	3250	1	PhapChe!52	false
PHAPCHE	8	VPP_044B605501D64160EAF866DC	4	23500	1	PhapChe!51	false
PHAPCHE	8	VPP_5E486296B2A1A4C1670C9C08	2	13500	1	PhapChe!56	false
PHAPCHE	8	VPP_FEB6C14CDD19F732CDDECC14	1	17500	1	PhapChe!57	false
PHAPCHE	9	VPP_F61B54D2E6C19B80A008F848	1	19900	1	PhapChe!63	false
PHAPCHE	9	VPP_1B1A221F74BCB87C1072F85A	3	53100	1	PhapChe!60	false
PHAPCHE	9	VPP_B4DF94CB1BA5A4DC0529CEEF	5	3250	1	PhapChe!61	false
PHAPCHE	9	VPP_F1F10A0AA7C0162BC5C93F8F	3	2950	1	PhapChe!58	false
PHAPCHE	9	VPP_47C162C20BA3F03DF160D568	2	19500	1	PhapChe!62	false
PHAPCHE	9	VPP_9C3F67284F34AB3F87B61AE3	5	62500	1	PhapChe!59	false
PHAPCHE	9	VPP_C93139806E5E6FA7B6108E20	2	15200	1	PhapChe!64	false
PHAPCHE	10	VPP_C1285C2AC013DD1B1C48AF94	1	18700	1	PhapChe!67	false
PHAPCHE	10	VPP_B4DF94CB1BA5A4DC0529CEEF	5	3250	1	PhapChe!72	false
PHAPCHE	10	VPP_F1F10A0AA7C0162BC5C93F8F	2	2950	1	PhapChe!6	false
PHAPCHE	10	VPP_044B605501D64160EAF866DC	2	23500	1	PhapChe!69	false
PHAPCHE	10	VPP_7D250C1FBE3103C38C58497E	5	4400	2	PhapChe!7;PhapChe!73	false
PHAPCHE	10	VPP_8907E31DC17126301A48F565	3	6800	2	PhapChe!8;PhapChe!75	false
PHAPCHE	10	VPP_9709D0EEAA21CBCB08541B2F	3	4500	2	PhapChe!9;PhapChe!74	false
PHAPCHE	10	VPP_B1927583A9ECB8C703798C54	1	198000	1	PhapChe!66	false
PHAPCHE	10	VPP_B50F2B25582F9B4C295B4D88	1	29500	1	PhapChe!71	false
PHAPCHE	10	VPP_6455C9867B3041E8E98BA8A6	1	44000	1	PhapChe!65	false
PHAPCHE	10	VPP_5E486296B2A1A4C1670C9C08	3	13500	1	PhapChe!70	false
PHAPCHE	10	VPP_98D89B8E220D2157F1F181DE	2	32000	1	PhapChe!68	false
PHAPCHE	11	VPP_A1843168E69B4D667321E60B	1	3200	1	PhapChe!11	false
PHAPCHE	11	VPP_E28FC4A10C0381542A669396	1	6800	1	PhapChe!14	false
PHAPCHE	11	VPP_48B228F0E3896B14789E6066	1	6800	1	PhapChe!13	false
PHAPCHE	11	VPP_8A6004587DAB5F97101D2DAA	1	2950	1	PhapChe!12	false
PHAPCHE	11	VPP_9C3F67284F34AB3F87B61AE3	5	62500	1	PhapChe!10	false
PHAPCHE	11	VPP_B345DC72BD6A87306ED6EF11	5	6200	1	PhapChe!76	false
PHAPCHE	12	VPP_F422D1BC1ACB3FD008FB431F	1	1100	1	PhapChe!17	false
PHAPCHE	12	VPP_220FC166028C2BE19EC5A03E	1	590000	1	PhapChe!16	false
PHAPCHE	12	VPP_3B454C60EC704AE741E1DA37	2	4900	1	PhapChe!15	false
PKTLA	1	VPP_63DB06C4AFC579D2541D75D1	50	10200	1	P.KT LA!9	false
PKTLA	1	VPP_FD0A3ACBE9242E19D6FF0C21	1	44100	1	P.KT LA!14	false
PKTLA	1	VPP_BF074043071874632B0F425A	12	7900	1	P.KT LA!6	false
PKTLA	1	VPP_0C8815EFBEF04F6F413674EF	12	8200	1	P.KT LA!7	false
PKTLA	1	VPP_00F146CF554F30BB71CF8BA9	17	55000	1	P.KT LA!8	false
PKTLA	1	VPP_5DFA318F8ADFE64F906FBCE9	1	330500	1	P.KT LA!12	false
PKTLA	1	VPP_BBBB58908D7F0D6E6F33AEF4	1	8400	1	P.KT LA!13	false
PKTLA	1	VPP_5E486296B2A1A4C1670C9C08	4	13500	1	P.KT LA!11	false
PKTLA	1	VPP_63F4452B9F94AD96C2ABF57F	20	2250	1	P.KT LA!10	false
PKTLA	2	VPP_63DB06C4AFC579D2541D75D1	50	10200	1	P.KT LA!18	false
PKTLA	2	VPP_BF074043071874632B0F425A	12	7900	1	P.KT LA!15	false
PKTLA	2	VPP_083E862BFE14BEC171B5C9BC	2	7900	1	P.KT LA!20	false
PKTLA	2	VPP_0C8815EFBEF04F6F413674EF	12	8200	1	P.KT LA!16	false
PKTLA	2	VPP_00F146CF554F30BB71CF8BA9	17	55000	1	P.KT LA!17	false
PKTLA	3	VPP_63DB06C4AFC579D2541D75D1	50	10200	1	P.KT LA!24	false
PKTLA	3	VPP_BF074043071874632B0F425A	12	7900	1	P.KT LA!21	false
PKTLA	3	VPP_0C8815EFBEF04F6F413674EF	12	8200	1	P.KT LA!22	false
PKTLA	3	VPP_00F146CF554F30BB71CF8BA9	17	55000	1	P.KT LA!23	false
PKTLA	3	VPP_63F4452B9F94AD96C2ABF57F	20	2250	1	P.KT LA!25	false
PPJWISER	1	VPP_F639822CBB882D92AB85CB29	10	2650	1	PPJ-WISER!6	false
PPJWISER	1	VPP_E33C3FD2E20FAFA535A1C606	10	5200	1	PPJ-WISER!7	false
PPJWISER	1	VPP_2D5F01DA9DD63C4779AE3A74	8	15600	1	PPJ-WISER!8	false
PPJWISER	1	VPP_F61B54D2E6C19B80A008F848	3	19900	1	PPJ-WISER!9	false
PPJWISER	1	VPP_FA6E27AF1296E3EE49CE969C	10	2600	1	PPJ-WISER!10	false
PPJWISER	1	VPP_FED83FE7DF0C4F10EE62CD09	1	47000	1	PPJ-WISER!20	false
PPJWISER	1	VPP_4A8A1058110AE57FD3ED8FE8	1	47000	1	PPJ-WISER!22	false
PPJWISER	1	VPP_7EF46F1E0E1F40F7D2FBF220	1	47000	1	PPJ-WISER!21	false
PPJWISER	1	VPP_63DB06C4AFC579D2541D75D1	10	10200	1	PPJ-WISER!11	false
PPJWISER	1	VPP_1B1A221F74BCB87C1072F85A	5	53100	1	PPJ-WISER!12	false
PPJWISER	1	VPP_BF074043071874632B0F425A	5	7900	1	PPJ-WISER!16	false
PPJWISER	1	VPP_083E862BFE14BEC171B5C9BC	5	7900	1	PPJ-WISER!15	false
PPJWISER	1	VPP_75A7DA6F764F4FF67BF88326	1	85000	1	PPJ-WISER!26	false
PPJWISER	1	VPP_00F146CF554F30BB71CF8BA9	8	55000	1	PPJ-WISER!17	false
PPJWISER	1	VPP_93951C15077286C47CD4B2B2	6	43500	1	PPJ-WISER!19	false
PPJWISER	1	VPP_0F05A8140A0628013EB46DCD	300	830	1	PPJ-WISER!18	false
PPJWISER	1	VPP_A3D298B7B7EE9BA868E74462	1	5800	1	PPJ-WISER!13	false
PPJWISER	1	VPP_BBBB58908D7F0D6E6F33AEF4	1	8400	1	PPJ-WISER!14	false
PPJWISER	1	VPP_568D697270F69640A71B5ACE	1	48500	1	PPJ-WISER!24	false
PPJWISER	1	VPP_C39942011CEDB9FB35E04388	1	48500	1	PPJ-WISER!25	false
PPJWISER	1	VPP_7ACB4FE8F8B2F962F9A43170	1	59000	1	PPJ-WISER!23	false
PPJWISER	2	VPP_084AC8B1E31EB7C36524411F	1	31500	1	PPJ-WISER!27	false
PPJWISER	2	VPP_2D5F01DA9DD63C4779AE3A74	7	15600	1	PPJ-WISER!28	false
PPJWISER	2	VPP_F61B54D2E6C19B80A008F848	3	19900	1	PPJ-WISER!29	false
PPJWISER	2	VPP_69068E979D557ADEABF19810	2	47000	1	PPJ-WISER!47	false
PPJWISER	2	VPP_3D31BCF2A549C06B726BE2BC	3	47000	1	PPJ-WISER!48	false
PPJWISER	2	VPP_7EF46F1E0E1F40F7D2FBF220	1	47000	1	PPJ-WISER!50	false
PPJWISER	2	VPP_C1285C2AC013DD1B1C48AF94	3	18700	1	PPJ-WISER!49	false
PPJWISER	2	VPP_4625CC216E438C7448B246D4	15	1950	1	PPJ-WISER!31	false
PPJWISER	2	VPP_1B1A221F74BCB87C1072F85A	4	53100	1	PPJ-WISER!30	false
PPJWISER	2	VPP_132A2BBE1F4260CA2EAB57C3	15	5200	1	PPJ-WISER!32	false
PPJWISER	2	VPP_1FA67E442AD5264E224ABC21	2	2950	1	PPJ-WISER!36	false
PPJWISER	2	VPP_F1F10A0AA7C0162BC5C93F8F	2	2950	1	PPJ-WISER!35	false
PPJWISER	2	VPP_6363BA3296FE3DABCA557288	2	4500	1	PPJ-WISER!33	false
PPJWISER	2	VPP_8A6004587DAB5F97101D2DAA	2	2950	1	PPJ-WISER!37	false
PPJWISER	2	VPP_BF074043071874632B0F425A	5	7900	1	PPJ-WISER!39	false
PPJWISER	2	VPP_083E862BFE14BEC171B5C9BC	5	7900	1	PPJ-WISER!38	false
PPJWISER	2	VPP_1F9772F4165DA57927CD6B92	2	38500	1	PPJ-WISER!34	false
PPJWISER	2	VPP_6C6744BFEC7F53DDA9586720	1	24000	1	PPJ-WISER!40	false
PPJWISER	2	VPP_245486DA962A9877944D297F	1	29000	1	PPJ-WISER!41	false
PPJWISER	2	VPP_00F146CF554F30BB71CF8BA9	3	55000	1	PPJ-WISER!43	false
PPJWISER	2	VPP_26FD4062A3DD797C1C036BA4	10	43500	1	PPJ-WISER!46	false
PPJWISER	2	VPP_0F05A8140A0628013EB46DCD	300	830	1	PPJ-WISER!45	false
PPJWISER	2	VPP_D488F44A280BB56B0AB8BD81	100	780	1	PPJ-WISER!44	false
PPJWISER	2	VPP_3B454C60EC704AE741E1DA37	5	4900	1	PPJ-WISER!42	false
PPJWISER	2	VPP_7ACB4FE8F8B2F962F9A43170	1	59000	1	PPJ-WISER!51	false
PPJWISER	3	VPP_F639822CBB882D92AB85CB29	10	2650	1	PPJ-WISER!52	false
PPJWISER	3	VPP_F619979572276FB062A5B165	5	6000	1	PPJ-WISER!53	false
PPJWISER	3	VPP_AC7C38A7F3DD7588B2E65F73	5	7800	1	PPJ-WISER!54	false
PPJWISER	3	VPP_2D5F01DA9DD63C4779AE3A74	5	15600	1	PPJ-WISER!55	false
PPJWISER	3	VPP_F61B54D2E6C19B80A008F848	3	19900	1	PPJ-WISER!56	false
PPJWISER	3	VPP_536B016CF5503C41A3205D37	1	47000	1	PPJ-WISER!69	false
PPJWISER	3	VPP_69068E979D557ADEABF19810	1	47000	1	PPJ-WISER!67	false
PPJWISER	3	VPP_3D31BCF2A549C06B726BE2BC	1	47000	1	PPJ-WISER!68	false
PPJWISER	3	VPP_38EDF9FFE459F411C3EEB72D	2	47000	1	PPJ-WISER!71	false
PPJWISER	3	VPP_C1285C2AC013DD1B1C48AF94	3	18700	1	PPJ-WISER!74	false
PPJWISER	3	VPP_A405DA15E4DC8D727A4D280A	1	68000	1	PPJ-WISER!72	false
PPJWISER	3	VPP_63DB06C4AFC579D2541D75D1	20	10200	1	PPJ-WISER!57	false
PPJWISER	3	VPP_BF074043071874632B0F425A	5	7900	1	PPJ-WISER!60	false
PPJWISER	3	VPP_083E862BFE14BEC171B5C9BC	5	7900	1	PPJ-WISER!62	false
PPJWISER	3	VPP_00B9F8BD0D8D02D86617954B	5	8200	1	PPJ-WISER!61	false
PPJWISER	3	VPP_0C8815EFBEF04F6F413674EF	5	8200	1	PPJ-WISER!63	false
PPJWISER	3	VPP_C9688B03D19FBF90A74484B3	1	126000	1	PPJ-WISER!75	false
PPJWISER	3	VPP_9C3F67284F34AB3F87B61AE3	3	62500	1	PPJ-WISER!64	false
PPJWISER	3	VPP_93951C15077286C47CD4B2B2	5	43500	1	PPJ-WISER!66	false
PPJWISER	3	VPP_0F05A8140A0628013EB46DCD	100	830	1	PPJ-WISER!65	false
PPJWISER	3	VPP_C93139806E5E6FA7B6108E20	1	15200	1	PPJ-WISER!58	false
PPJWISER	3	VPP_3DE0970483AEBF6C555AF40C	2	48000	1	PPJ-WISER!59	false
PPJWISER	3	VPP_28E41B339162216342FBB9C1	1	105000	1	PPJ-WISER!73	false
PPJWISER	3	VPP_7ACB4FE8F8B2F962F9A43170	4	59000	1	PPJ-WISER!70	false
PURCHASING	1	VPP_AC7C38A7F3DD7588B2E65F73	5	7800	1	Purchasing!7	false
PURCHASING	1	VPP_F61B54D2E6C19B80A008F848	5	19900	1	Purchasing!8	false
PURCHASING	1	VPP_980FA2A1AAA8AF7B40E21F73	1	30100	1	Purchasing!9	false
PURCHASING	1	VPP_FD0A3ACBE9242E19D6FF0C21	2	44100	1	Purchasing!15	false
PURCHASING	1	VPP_B4DF94CB1BA5A4DC0529CEEF	25	3250	1	Purchasing!11	false
PURCHASING	1	VPP_26236FE87C8CD383ECF968F0	2	11000	1	Purchasing!10	false
PURCHASING	1	VPP_C7D2BF25E6F99729258E04FC	5	7300	1	Purchasing!12	false
PURCHASING	1	VPP_9C3F67284F34AB3F87B61AE3	25	62500	1	Purchasing!6	false
PURCHASING	1	VPP_B345DC72BD6A87306ED6EF11	15	6200	1	Purchasing!14	false
PURCHASING	1	VPP_B1CD3B66AE1B219C68342358	2	4200	1	Purchasing!13	false
PURCHASING	2	VPP_F619979572276FB062A5B165	5	6000	1	Purchasing!19	false
PURCHASING	2	VPP_AC7C38A7F3DD7588B2E65F73	10	7800	1	Purchasing!17	false
PURCHASING	2	VPP_F61B54D2E6C19B80A008F848	10	19900	1	Purchasing!18	false
PURCHASING	2	VPP_FD0A3ACBE9242E19D6FF0C21	5	44100	1	Purchasing!20	false
PURCHASING	2	VPP_9C3F67284F34AB3F87B61AE3	25	62500	1	Purchasing!16	false
PURCHASING	2	VPP_C93139806E5E6FA7B6108E20	1	15200	1	Purchasing!21	false
PURCHASING	3	VPP_084AC8B1E31EB7C36524411F	1	31500	1	Purchasing!31	false
PURCHASING	3	VPP_C61F3271D5EA2C67481FB4DA	3	3900	1	Purchasing!24	false
PURCHASING	3	VPP_1CAD0182C33B0C201E0E7789	10	6100	1	Purchasing!30	false
PURCHASING	3	VPP_083E862BFE14BEC171B5C9BC	10	7900	1	Purchasing!29	false
PURCHASING	3	VPP_9C3F67284F34AB3F87B61AE3	12	62500	1	Purchasing!22	false
PURCHASING	3	VPP_C93139806E5E6FA7B6108E20	1	15200	1	Purchasing!23	false
PURCHASING	3	VPP_A3D298B7B7EE9BA868E74462	10	5800	1	Purchasing!25	false
PURCHASING	3	VPP_BBBB58908D7F0D6E6F33AEF4	5	8400	1	Purchasing!26	false
PURCHASING	3	VPP_AB45011F6A3D2D1CD0BFDDAC	5	18800	1	Purchasing!27	false
PURCHASING	3	VPP_F6550946F385CE5FCD057EE6	3	3150	1	Purchasing!28	false
QA	1	VPP_084AC8B1E31EB7C36524411F	3	31500	1	QA!15	false
QA	1	VPP_506033EA3026EE18CBC0A735	1	11200	1	QA!6	false
QA	1	VPP_63DB06C4AFC579D2541D75D1	5	10200	1	QA!8	false
QA	1	VPP_FD0A3ACBE9242E19D6FF0C21	4	44100	1	QA!12	false
QA	1	VPP_B4DF94CB1BA5A4DC0529CEEF	40	3250	1	QA!10	false
QA	1	VPP_1FA67E442AD5264E224ABC21	20	2950	1	QA!11	false
QA	1	VPP_083E862BFE14BEC171B5C9BC	5	7900	1	QA!14	false
QA	1	VPP_47C162C20BA3F03DF160D568	10	19500	1	QA!13	false
QA	1	VPP_00F146CF554F30BB71CF8BA9	10	55000	1	QA!9	false
QA	1	VPP_12C6C299C8B52F6DA4535E0D	5	3550	1	QA!7	false
QA	2	VPP_AC7C38A7F3DD7588B2E65F73	2	7800	1	QA!18	false
QA	2	VPP_980FA2A1AAA8AF7B40E21F73	2	30100	1	QA!16	false
QA	2	VPP_FD0A3ACBE9242E19D6FF0C21	4	44100	1	QA!23	false
QA	2	VPP_B4DF94CB1BA5A4DC0529CEEF	80	3250	1	QA!20	false
QA	2	VPP_1FA67E442AD5264E224ABC21	40	2950	1	QA!21	false
QA	2	VPP_C7D2BF25E6F99729258E04FC	5	7300	1	QA!24	false
QA	2	VPP_083E862BFE14BEC171B5C9BC	5	7900	1	QA!22	false
QA	2	VPP_00F146CF554F30BB71CF8BA9	8	55000	1	QA!19	false
QA	2	VPP_C93139806E5E6FA7B6108E20	1	15200	1	QA!17	false
QA	3	VPP_B4DF94CB1BA5A4DC0529CEEF	20	3250	1	QA!30	false
QA	3	VPP_1FA67E442AD5264E224ABC21	40	2950	1	QA!26	false
QA	3	VPP_47C162C20BA3F03DF160D568	15	19500	1	QA!25	false
QA	3	VPP_00F146CF554F30BB71CF8BA9	8	55000	1	QA!27	false
QA	3	VPP_044B605501D64160EAF866DC	1	23500	1	QA!29	false
QA	3	VPP_596B48C6DAA990732B950276	1	36500	1	QA!28	false
QLTBMAY	3	VPP_29D349D7C0F342CBBDF55ABE	1	68000	1	QLTBMay!12	false
QLTBMAY	3	VPP_827131E86E6D116331BF8077	1	30100	1	QLTBMay!7	false
QLTBMAY	3	VPP_980FA2A1AAA8AF7B40E21F73	1	30100	1	QLTBMay!6	false
QLTBMAY	3	VPP_802FA6E3E8DBD0F6D09A0DDB	1	135000	1	QLTBMay!10	false
QLTBMAY	3	VPP_9D6FCF2D426B48B36063CEB9	2	8100	1	QLTBMay!11	false
QLTBMAY	3	VPP_B50F2B25582F9B4C295B4D88	2	29500	1	QLTBMay!9	false
QLTBMAY	3	VPP_CB0ABB8B0ED4AF899AFDFDB1	1	12000	1	QLTBMay!8	false
RD	1	VPP_2D5F01DA9DD63C4779AE3A74	2	15600	1	RandD!7	false
RD	1	VPP_FA6E27AF1296E3EE49CE969C	2	2600	1	RandD!6	false
RD	1	VPP_1F128F6A4E98CD8C6210DC91	1	47000	1	RandD!30	false
RD	1	VPP_3CCB77F4FA45DE6C8FC85518	24	18700	1	RandD!36	false
RD	1	VPP_C1285C2AC013DD1B1C48AF94	9	18700	1	RandD!38	false
RD	1	VPP_9743CEC7C70351023EE934C7	6	18700	1	RandD!37	false
RD	1	VPP_BBBCA4276156A7826127FF70	20	520	1	RandD!28	false
RD	1	VPP_6584B40881F03D8C813B2D72	20	1450	1	RandD!27	false
RD	1	VPP_A618327B920C8E4469F3DB6D	20	950	1	RandD!29	false
RD	1	VPP_775D571626E59F85249FFC00	50	8000	1	RandD!9	false
RD	1	VPP_FD0A3ACBE9242E19D6FF0C21	19	44100	1	RandD!8	false
RD	1	VPP_C61F3271D5EA2C67481FB4DA	25	3900	1	RandD!10	false
RD	1	VPP_6A721030CDE5BD1BCD7B271F	15	3250	1	RandD!13	false
RD	1	VPP_B4DF94CB1BA5A4DC0529CEEF	30	3250	1	RandD!14	false
RD	1	VPP_FC78548B8D51584D97F9D7DD	1	6800	1	RandD!16	false
RD	1	VPP_E28FC4A10C0381542A669396	3	6800	1	RandD!17	false
RD	1	VPP_BF074043071874632B0F425A	20	7900	1	RandD!19	false
RD	1	VPP_083E862BFE14BEC171B5C9BC	50	7900	1	RandD!18	false
RD	1	VPP_0C3D636846222846B5D4205F	7	68000	1	RandD!22	false
RD	1	VPP_34C9874CADE6715AAB31D9AF	1	15000	1	RandD!15	false
RD	1	VPP_47C162C20BA3F03DF160D568	5	19500	1	RandD!21	false
RD	1	VPP_E18F602781ED69156EA49BFA	3	18300	1	RandD!20	false
RD	1	VPP_6F683CBE5BC2FDCC86A7D56C	3	30500	1	RandD!35	false
RD	1	VPP_A714F5572634A2AAF704A951	2	3400	1	RandD!48	false
RD	1	VPP_67BBAC6D609D9FCA6E3A18C5	10	4500	1	RandD!46	false
RD	1	VPP_9512CBA84D4E8BBBC1D68B1A	1	70000	1	RandD!33	false
RD	1	VPP_98E3BAA0F85730985EC66A84	1	110000	1	RandD!52	false
RD	1	VPP_502DC7BA8ED50BDD31CAA291	5	6500	1	RandD!32	false
RD	1	VPP_00F146CF554F30BB71CF8BA9	27	55000	1	RandD!25	false
RD	1	VPP_9C3F67284F34AB3F87B61AE3	5	62500	1	RandD!24	false
RD	1	VPP_3E1CF5FE8FE895C01C6F1EFD	2	31900	1	RandD!26	false
RD	1	VPP_C93139806E5E6FA7B6108E20	5	15200	1	RandD!11	false
RD	1	VPP_63B2253DBFDF1877BBD2D0FC	5	6500	1	RandD!51	false
RD	1	VPP_12C6C299C8B52F6DA4535E0D	40	3550	1	RandD!12	false
RD	1	VPP_2777BC38E63E5DC3B9413621	15	4900	1	RandD!47	false
RD	1	VPP_6A5D47BB91281275D6D59983	2	15000	1	RandD!34	false
RD	1	VPP_692E8E8DA3B3F963D6DDFE77	5	25300	1	RandD!41	false
RD	1	VPP_F2B06FA02ACA31A7B3E229DB	1	99500	1	RandD!40	false
RD	1	VPP_2452F1E251F780280182D8B6	8	35200	1	RandD!44	false
RD	1	VPP_B956220D3FA98181302E57C1	1	55000	1	RandD!50	false
RD	1	VPP_DFCC3AE89E86E9177F2FB72F	1	27200	1	RandD!39	false
RD	1	VPP_636DCE6D4BE34B8A415894E4	3	42500	1	RandD!42	false
RD	1	VPP_5E486296B2A1A4C1670C9C08	1	13500	1	RandD!31	false
RD	1	VPP_4E0F52CA0CDD47D9931650B0	7	47200	1	RandD!49	false
RD	1	VPP_334696A10FF96A05500F0969	2	18500	1	RandD!23	false
RD	1	VPP_08962588E0B8BD56C4AC5EA7	12	13500	1	RandD!45	false
RD	1	VPP_C1B702BB073DF7550DC827E3	3	39500	1	RandD!43	false
RD	2	VPP_1F128F6A4E98CD8C6210DC91	1	47000	1	RandD!76	false
RD	2	VPP_3CCB77F4FA45DE6C8FC85518	18	18700	1	RandD!82	false
RD	2	VPP_C1285C2AC013DD1B1C48AF94	15	18700	1	RandD!84	false
RD	2	VPP_9743CEC7C70351023EE934C7	6	18700	1	RandD!83	false
RD	2	VPP_6584B40881F03D8C813B2D72	20	1450	1	RandD!97	false
RD	2	VPP_775D571626E59F85249FFC00	40	8000	1	RandD!55	false
RD	2	VPP_980FA2A1AAA8AF7B40E21F73	2	30100	1	RandD!53	false
RD	2	VPP_892C433A49B8E0C589E886C4	1	8500	1	RandD!57	false
RD	2	VPP_FD0A3ACBE9242E19D6FF0C21	19	44100	1	RandD!54	false
RD	2	VPP_C61F3271D5EA2C67481FB4DA	10	3900	1	RandD!56	false
RD	2	VPP_6D93CBDBF0B607859F57497B	4	30500	1	RandD!58	false
RD	2	VPP_B4DF94CB1BA5A4DC0529CEEF	32	3250	1	RandD!64	false
RD	2	VPP_083E862BFE14BEC171B5C9BC	50	7900	1	RandD!66	false
RD	2	VPP_0C3D636846222846B5D4205F	3	68000	1	RandD!67	false
RD	2	VPP_34C9874CADE6715AAB31D9AF	2	15000	1	RandD!65	false
RD	2	VPP_47C162C20BA3F03DF160D568	4	19500	1	RandD!96	false
RD	2	VPP_7CC61374A10C62E14A7DF7A1	3	65000	1	RandD!85	false
RD	2	VPP_6F683CBE5BC2FDCC86A7D56C	5	30500	1	RandD!81	false
RD	2	VPP_570C0D4B7D678006CEE3149E	1	4500	1	RandD!69	false
RD	2	VPP_16C225AD7EF7C255DD6CE9A9	1	22500	1	RandD!68	false
RD	2	VPP_A714F5572634A2AAF704A951	2	3400	1	RandD!92	false
RD	2	VPP_00F146CF554F30BB71CF8BA9	28	55000	1	RandD!74	false
RD	2	VPP_9C3F67284F34AB3F87B61AE3	4	62500	1	RandD!73	false
RD	2	VPP_3E1CF5FE8FE895C01C6F1EFD	2	31900	1	RandD!75	false
RD	2	VPP_7D250C1FBE3103C38C58497E	2	4400	1	RandD!77	false
RD	2	VPP_B7BCF0A186AB015B1DC2F02A	10	12800	1	RandD!62	false
RD	2	VPP_99E57E9F67E954955D84CDAF	1	65000	1	RandD!60	false
RD	2	VPP_94FA8E0A4E1257204EC95728	2	105000	1	RandD!61	false
RD	2	VPP_90CE874CF16BD7DF5853C724	2	27500	1	RandD!59	false
RD	2	VPP_63B2253DBFDF1877BBD2D0FC	5	6500	1	RandD!95	false
RD	2	VPP_12C6C299C8B52F6DA4535E0D	10	3550	1	RandD!63	false
RD	2	VPP_6A5D47BB91281275D6D59983	2	15000	1	RandD!78	false
RD	2	VPP_692E8E8DA3B3F963D6DDFE77	3	25300	1	RandD!88	false
RD	2	VPP_2452F1E251F780280182D8B6	8	35200	1	RandD!90	false
RD	2	VPP_B956220D3FA98181302E57C1	1	55000	1	RandD!94	false
RD	2	VPP_993E8FAD77796DC34A9EBF5C	1	112200	1	RandD!87	false
RD	2	VPP_DFCC3AE89E86E9177F2FB72F	1	27200	1	RandD!86	false
RD	2	VPP_B50F2B25582F9B4C295B4D88	2	29500	1	RandD!79	false
RD	2	VPP_E5491A02330B5C26E4552961	6	29500	1	RandD!80	false
RD	2	VPP_4E0F52CA0CDD47D9931650B0	12	47200	1	RandD!93	false
RD	2	VPP_24796C8C8FA762A540C83FB6	3	65000	1	RandD!70	false
RD	2	VPP_B227921013D15697216EA500	5	12500	1	RandD!71	false
RD	2	VPP_3B454C60EC704AE741E1DA37	2	4900	1	RandD!72	false
RD	2	VPP_08962588E0B8BD56C4AC5EA7	12	13500	1	RandD!91	false
RD	2	VPP_C1B702BB073DF7550DC827E3	2	39500	1	RandD!89	false
RD	3	VPP_1F128F6A4E98CD8C6210DC91	1	47000	1	RandD!117	false
RD	3	VPP_3CCB77F4FA45DE6C8FC85518	18	18700	1	RandD!121	false
RD	3	VPP_C1285C2AC013DD1B1C48AF94	15	18700	1	RandD!123	false
RD	3	VPP_9743CEC7C70351023EE934C7	6	18700	1	RandD!122	false
RD	3	VPP_BBBCA4276156A7826127FF70	10	520	1	RandD!115	false
RD	3	VPP_6584B40881F03D8C813B2D72	30	1450	1	RandD!114	false
RD	3	VPP_A618327B920C8E4469F3DB6D	10	950	1	RandD!116	false
RD	3	VPP_9B79C5AE6B1D57EBDE00D4B3	1	49000	1	RandD!118	false
RD	3	VPP_775D571626E59F85249FFC00	50	8000	1	RandD!100	false
RD	3	VPP_980FA2A1AAA8AF7B40E21F73	2	30100	1	RandD!98	false
RD	3	VPP_FD0A3ACBE9242E19D6FF0C21	22	44100	1	RandD!99	false
RD	3	VPP_B4DF94CB1BA5A4DC0529CEEF	32	3250	1	RandD!103	false
RD	3	VPP_A1843168E69B4D667321E60B	12	3200	1	RandD!105	false
RD	3	VPP_FC78548B8D51584D97F9D7DD	4	6800	1	RandD!106	false
RD	3	VPP_E28FC4A10C0381542A669396	2	6800	1	RandD!107	false
RD	3	VPP_083E862BFE14BEC171B5C9BC	60	7900	1	RandD!108	false
RD	3	VPP_0C3D636846222846B5D4205F	3	68000	1	RandD!110	false
RD	3	VPP_47C162C20BA3F03DF160D568	6	19500	1	RandD!109	false
RD	3	VPP_7CC61374A10C62E14A7DF7A1	2	65000	1	RandD!124	false
RD	3	VPP_6F683CBE5BC2FDCC86A7D56C	5	30500	1	RandD!120	false
RD	3	VPP_A714F5572634A2AAF704A951	2	3400	1	RandD!130	false
RD	3	VPP_00F146CF554F30BB71CF8BA9	30	55000	1	RandD!112	false
RD	3	VPP_9C3F67284F34AB3F87B61AE3	4	62500	1	RandD!111	false
RD	3	VPP_3E1CF5FE8FE895C01C6F1EFD	2	31900	1	RandD!113	false
RD	3	VPP_C93139806E5E6FA7B6108E20	5	15200	1	RandD!101	false
RD	3	VPP_63B2253DBFDF1877BBD2D0FC	5	6500	1	RandD!132	false
RD	3	VPP_12C6C299C8B52F6DA4535E0D	20	3550	1	RandD!102	false
RD	3	VPP_6A5D47BB91281275D6D59983	2	15000	1	RandD!119	false
RD	3	VPP_692E8E8DA3B3F963D6DDFE77	3	25300	1	RandD!127	false
RD	3	VPP_F2B06FA02ACA31A7B3E229DB	1	99500	1	RandD!126	false
RD	3	VPP_2452F1E251F780280182D8B6	8	35200	1	RandD!133	false
RD	3	VPP_DFCC3AE89E86E9177F2FB72F	1	27200	1	RandD!125	false
RD	3	VPP_4E0F52CA0CDD47D9931650B0	11	47200	1	RandD!131	false
RD	3	VPP_08962588E0B8BD56C4AC5EA7	12	13500	1	RandD!129	false
RD	3	VPP_C1B702BB073DF7550DC827E3	4	39500	1	RandD!128	false
SOURCING	1	VPP_FE45845BBD3C5EA61323FD99	1	68000	1	Sourcing!21	false
SOURCING	1	VPP_2C07D5F1B341A4E48DCA8658	1	44000	1	Sourcing!22	false
SOURCING	1	VPP_FD0A3ACBE9242E19D6FF0C21	4	44100	1	Sourcing!12	false
SOURCING	1	VPP_57741C38387602E8ED9CB12E	5	3250	1	Sourcing!20	false
SOURCING	1	VPP_B4DF94CB1BA5A4DC0529CEEF	15	3250	1	Sourcing!5	false
SOURCING	1	VPP_5E42A1F973691A7F95EF48B1	2	6100	1	Sourcing!14	false
SOURCING	1	VPP_1CAD0182C33B0C201E0E7789	3	6100	1	Sourcing!13	false
SOURCING	1	VPP_5177513D677876CCBF44A9FF	5	7900	1	Sourcing!16	false
SOURCING	1	VPP_083E862BFE14BEC171B5C9BC	7	7900	1	Sourcing!15	false
SOURCING	1	VPP_65B9096B644D2766D1446398	4	8200	1	Sourcing!18	false
SOURCING	1	VPP_0C8815EFBEF04F6F413674EF	4	8200	1	Sourcing!17	false
SOURCING	1	VPP_6C6744BFEC7F53DDA9586720	2	24000	1	Sourcing!23	false
SOURCING	1	VPP_C9688B03D19FBF90A74484B3	2	126000	1	Sourcing!7	false
SOURCING	1	VPP_00F146CF554F30BB71CF8BA9	6	55000	1	Sourcing!6	false
SOURCING	1	VPP_A3D298B7B7EE9BA868E74462	3	5800	1	Sourcing!8	false
SOURCING	1	VPP_BBBB58908D7F0D6E6F33AEF4	3	8400	1	Sourcing!9	false
SOURCING	1	VPP_29D7F7162C43C555EB080572	3	13300	1	Sourcing!10	false
SOURCING	1	VPP_12C6C299C8B52F6DA4535E0D	10	3550	1	Sourcing!11	false
SOURCING	1	VPP_FEB6C14CDD19F732CDDECC14	2	17500	1	Sourcing!19	false
SOURCING	3	VPP_69068E979D557ADEABF19810	1	47000	1	Sourcing!30	false
SOURCING	3	VPP_083E862BFE14BEC171B5C9BC	2	7900	1	Sourcing!27	false
SOURCING	3	VPP_9C3F67284F34AB3F87B61AE3	4	62500	1	Sourcing!28	false
SOURCING	3	VPP_4A9B9544CFEC772FC56A0349	1	186000	1	Sourcing!29	false
SOURCING	3	VPP_BBBB58908D7F0D6E6F33AEF4	2	8400	1	Sourcing!25	false
SOURCING	3	VPP_557F9A4DE587202A3AB5CB8F	1	85000	1	Sourcing!26	false
SOURCING	4	VPP_F6550946F385CE5FCD057EE6	2	3150	1	Sourcing!24	false
TCKT	1	VPP_F639822CBB882D92AB85CB29	2	2650	1	TCKT!11	false
TCKT	1	VPP_E1359D67A50137B334D8A684	200	1800	1	TCKT!7	false
TCKT	1	VPP_980FA2A1AAA8AF7B40E21F73	20	30100	1	TCKT!10	false
TCKT	1	VPP_FD0A3ACBE9242E19D6FF0C21	2	44100	1	TCKT!9	false
TCKT	1	VPP_B4DF94CB1BA5A4DC0529CEEF	18	3250	1	TCKT!8	false
TCKT	1	VPP_653AD43BB4A6338E70F9F0A3	1	11500	1	TCKT!25	false
TCKT	1	VPP_A1843168E69B4D667321E60B	4	3200	1	TCKT!18	false
TCKT	1	VPP_0C8815EFBEF04F6F413674EF	4	8200	1	TCKT!17	false
TCKT	1	VPP_47C162C20BA3F03DF160D568	2	19500	1	TCKT!12	false
TCKT	1	VPP_9C3F67284F34AB3F87B61AE3	55	62500	1	TCKT!6	false
TCKT	1	VPP_FEB5EB6F2EC92B39A6E56332	2	12500	1	TCKT!21	false
TCKT	1	VPP_07B6EFD202371277FDA7FF55	4	4200	1	TCKT!15	false
TCKT	1	VPP_A3D298B7B7EE9BA868E74462	4	5800	1	TCKT!14	false
TCKT	1	VPP_BBBB58908D7F0D6E6F33AEF4	3	8400	1	TCKT!16	false
TCKT	1	VPP_F6550946F385CE5FCD057EE6	3	3150	1	TCKT!13	false
TCKT	1	VPP_12C6C299C8B52F6DA4535E0D	3	3550	1	TCKT!24	false
TCKT	1	VPP_9D6FCF2D426B48B36063CEB9	4	8100	1	TCKT!20	false
TCKT	1	VPP_4FA5218353791647D8532A7A	2	12500	1	TCKT!22	false
TCKT	1	VPP_2C6E897B5BE81115539F72A5	1	82000	1	TCKT!19	false
TCKT	1	VPP_B50F2B25582F9B4C295B4D88	2	29500	1	TCKT!23	false
TCKT	2	VPP_084AC8B1E31EB7C36524411F	1	31500	1	TCKT!42	false
TCKT	2	VPP_F639822CBB882D92AB85CB29	2	2650	1	TCKT!40	false
TCKT	2	VPP_E1359D67A50137B334D8A684	200	1800	1	TCKT!37	false
TCKT	2	VPP_E0599D5A20C64E37377B401F	60	15900	1	TCKT!27	false
TCKT	2	VPP_63DB06C4AFC579D2541D75D1	10	10200	1	TCKT!39	false
TCKT	2	VPP_FD0A3ACBE9242E19D6FF0C21	5	44100	1	TCKT!31	false
TCKT	2	VPP_B4DF94CB1BA5A4DC0529CEEF	17	3250	1	TCKT!32	false
TCKT	2	VPP_F57370A7282AFEA6EBC72314	2	6800	1	TCKT!43	false
TCKT	2	VPP_FC78548B8D51584D97F9D7DD	2	6800	1	TCKT!44	false
TCKT	2	VPP_26236FE87C8CD383ECF968F0	2	11000	1	TCKT!29	false
TCKT	2	VPP_0C8815EFBEF04F6F413674EF	4	8200	1	TCKT!30	false
TCKT	2	VPP_47C162C20BA3F03DF160D568	3	19500	1	TCKT!41	false
TCKT	2	VPP_9C3F67284F34AB3F87B61AE3	50	62500	1	TCKT!26	false
TCKT	2	VPP_07B6EFD202371277FDA7FF55	4	4200	1	TCKT!35	false
TCKT	2	VPP_A3D298B7B7EE9BA868E74462	4	5800	1	TCKT!34	false
TCKT	2	VPP_BBBB58908D7F0D6E6F33AEF4	4	8400	1	TCKT!36	false
TCKT	2	VPP_F6550946F385CE5FCD057EE6	10	3150	1	TCKT!28	false
TCKT	2	VPP_12C6C299C8B52F6DA4535E0D	20	3550	1	TCKT!38	false
TCKT	2	VPP_2C6E897B5BE81115539F72A5	2	82000	1	TCKT!33	false
TCKT	3	VPP_F639822CBB882D92AB85CB29	2	2650	1	TCKT!56	false
TCKT	3	VPP_E1359D67A50137B334D8A684	100	1800	1	TCKT!55	false
TCKT	3	VPP_E0599D5A20C64E37377B401F	20	15900	1	TCKT!46	false
TCKT	3	VPP_FD0A3ACBE9242E19D6FF0C21	1	44100	1	TCKT!49	false
TCKT	3	VPP_B4DF94CB1BA5A4DC0529CEEF	17	3250	1	TCKT!50	false
TCKT	3	VPP_653AD43BB4A6338E70F9F0A3	1	11500	1	TCKT!62	false
TCKT	3	VPP_A1843168E69B4D667321E60B	2	3200	1	TCKT!65	false
TCKT	3	VPP_F57370A7282AFEA6EBC72314	2	6800	1	TCKT!58	false
TCKT	3	VPP_FC78548B8D51584D97F9D7DD	2	6800	1	TCKT!59	false
TCKT	3	VPP_26236FE87C8CD383ECF968F0	2	11000	1	TCKT!48	false
TCKT	3	VPP_47C162C20BA3F03DF160D568	2	19500	1	TCKT!57	false
TCKT	3	VPP_9C3F67284F34AB3F87B61AE3	50	62500	1	TCKT!45	false
TCKT	3	VPP_C93139806E5E6FA7B6108E20	1	15200	1	TCKT!60	false
TCKT	3	VPP_07B6EFD202371277FDA7FF55	4	4200	1	TCKT!53	false
TCKT	3	VPP_A3D298B7B7EE9BA868E74462	4	5800	1	TCKT!52	false
TCKT	3	VPP_BBBB58908D7F0D6E6F33AEF4	4	8400	1	TCKT!54	false
TCKT	3	VPP_F6550946F385CE5FCD057EE6	5	3150	1	TCKT!47	false
TCKT	3	VPP_2C6E897B5BE81115539F72A5	1	82000	1	TCKT!51	false
TCKT	3	VPP_38DC9C4D275744539465C0F7	1	4500	1	TCKT!64	false
TCKT	3	VPP_583BB7CA73B8AC53663B2683	10	6500	1	TCKT!61	false
TCKT	3	VPP_BBEE7E7EBBA7BF0008F36232	2	58000	1	TCKT!63	false
TCKTKHO	1	VPP_FD0A3ACBE9242E19D6FF0C21	1	44100	1	TCKTKho!5	false
TCKTKHO	1	VPP_C61F3271D5EA2C67481FB4DA	6	3900	1	TCKTKho!6	false
TCKTKHO	1	VPP_6A721030CDE5BD1BCD7B271F	5	3250	1	TCKTKho!10	false
TCKTKHO	1	VPP_B4DF94CB1BA5A4DC0529CEEF	3	3250	1	TCKTKho!11	false
TCKTKHO	1	VPP_2E8036912C0C118193AE0FB3	6	2900	1	TCKTKho!12	false
TCKTKHO	1	VPP_0C8815EFBEF04F6F413674EF	1	8200	1	TCKTKho!14	false
TCKTKHO	1	VPP_16C225AD7EF7C255DD6CE9A9	1	22500	1	TCKTKho!7	false
TCKTKHO	1	VPP_9C3F67284F34AB3F87B61AE3	20	62500	1	TCKTKho!8	false
TCKTKHO	1	VPP_3AF7970E654D6195C50F7BA2	5	330500	1	TCKTKho!9	false
TCKTKHO	1	VPP_BBBB58908D7F0D6E6F33AEF4	3	8400	1	TCKTKho!13	false
TCKTKHO	2	VPP_1B1A221F74BCB87C1072F85A	1	53100	1	TCKTKho!26	false
TCKTKHO	2	VPP_C61F3271D5EA2C67481FB4DA	2	3900	1	TCKTKho!28	false
TCKTKHO	2	VPP_D3D6184575331F724008F1C0	2	3250	1	TCKTKho!30	false
TCKTKHO	2	VPP_6A721030CDE5BD1BCD7B271F	5	3250	1	TCKTKho!17	false
TCKTKHO	2	VPP_B4DF94CB1BA5A4DC0529CEEF	3	3250	1	TCKTKho!18	false
TCKTKHO	2	VPP_2E8036912C0C118193AE0FB3	8	2900	1	TCKTKho!29	false
TCKTKHO	2	VPP_48B228F0E3896B14789E6066	1	6800	1	TCKTKho!21	false
TCKTKHO	2	VPP_82E05295E74F9547D0D713DC	1	6100	1	TCKTKho!20	false
TCKTKHO	2	VPP_0C8815EFBEF04F6F413674EF	2	8200	1	TCKTKho!19	false
TCKTKHO	2	VPP_9C3F67284F34AB3F87B61AE3	20	62500	1	TCKTKho!15	false
TCKTKHO	2	VPP_3AF7970E654D6195C50F7BA2	5	330500	1	TCKTKho!16	false
TCKTKHO	2	VPP_C93139806E5E6FA7B6108E20	2	15200	1	TCKTKho!27	false
TCKTKHO	2	VPP_07B6EFD202371277FDA7FF55	2	4200	1	TCKTKho!22	false
TCKTKHO	2	VPP_BBBB58908D7F0D6E6F33AEF4	2	8400	1	TCKTKho!23	false
TCKTKHO	2	VPP_90CE874CF16BD7DF5853C724	2	27500	1	TCKTKho!24	false
TCKTKHO	2	VPP_12C6C299C8B52F6DA4535E0D	20	3550	1	TCKTKho!25	false
TCKTKHO	3	VPP_E33C3FD2E20FAFA535A1C606	2	5200	1	TCKTKho!42	false
TCKTKHO	3	VPP_C61F3271D5EA2C67481FB4DA	2	3900	1	TCKTKho!35	false
TCKTKHO	3	VPP_6A721030CDE5BD1BCD7B271F	5	3250	1	TCKTKho!32	false
TCKTKHO	3	VPP_B4DF94CB1BA5A4DC0529CEEF	3	3250	1	TCKTKho!31	false
TCKTKHO	3	VPP_2E8036912C0C118193AE0FB3	8	2900	1	TCKTKho!43	false
TCKTKHO	3	VPP_F57370A7282AFEA6EBC72314	1	6800	1	TCKTKho!34	false
TCKTKHO	3	VPP_48B228F0E3896B14789E6066	1	6800	1	TCKTKho!33	false
TCKTKHO	3	VPP_9C3F67284F34AB3F87B61AE3	15	62500	1	TCKTKho!36	false
TCKTKHO	3	VPP_3AF7970E654D6195C50F7BA2	4	330500	1	TCKTKho!38	false
TCKTKHO	3	VPP_A3D298B7B7EE9BA868E74462	2	5800	1	TCKTKho!39	false
TCKTKHO	3	VPP_90CE874CF16BD7DF5853C724	2	27500	1	TCKTKho!40	false
TCKTKHO	3	VPP_F6550946F385CE5FCD057EE6	1	3150	1	TCKTKho!41	false
TCKTKHO	3	VPP_ACF844D08217F0C73D37EA52	1	4600	1	TCKTKho!37	false
TCKTKHO	3	VPP_692E8E8DA3B3F963D6DDFE77	1	25300	1	TCKTKho!44	false
TCKTVTJ	1	VPP_F639822CBB882D92AB85CB29	3	2650	1	TCKTVTJ!11	false
TCKTVTJ	1	VPP_E33C3FD2E20FAFA535A1C606	3	5200	1	TCKTVTJ!12	false
TCKTVTJ	1	VPP_E1359D67A50137B334D8A684	100	1800	1	TCKTVTJ!7	false
TCKTVTJ	1	VPP_980FA2A1AAA8AF7B40E21F73	20	30100	1	TCKTVTJ!10	false
TCKTVTJ	1	VPP_FD0A3ACBE9242E19D6FF0C21	2	44100	1	TCKTVTJ!9	false
TCKTVTJ	1	VPP_C61F3271D5EA2C67481FB4DA	10	3900	1	TCKTVTJ!22	false
TCKTVTJ	1	VPP_B4DF94CB1BA5A4DC0529CEEF	2	3250	1	TCKTVTJ!8	false
TCKTVTJ	1	VPP_A1843168E69B4D667321E60B	4	3200	1	TCKTVTJ!18	false
TCKTVTJ	1	VPP_9C3F67284F34AB3F87B61AE3	25	62500	1	TCKTVTJ!6	false
TCKTVTJ	1	VPP_07B6EFD202371277FDA7FF55	10	4200	2	TCKTVTJ!14;TCKTVTJ!16	false
TCKTVTJ	1	VPP_A3D298B7B7EE9BA868E74462	5	5800	1	TCKTVTJ!15	false
TCKTVTJ	1	VPP_BBBB58908D7F0D6E6F33AEF4	5	8400	1	TCKTVTJ!17	false
TCKTVTJ	1	VPP_F6550946F385CE5FCD057EE6	5	3150	1	TCKTVTJ!13	false
TCKTVTJ	1	VPP_12C6C299C8B52F6DA4535E0D	3	3550	1	TCKTVTJ!21	false
TCKTVTJ	1	VPP_4FA5218353791647D8532A7A	2	12500	1	TCKTVTJ!20	false
TCKTVTJ	1	VPP_2C6E897B5BE81115539F72A5	2	82000	1	TCKTVTJ!19	false
TCKTVTJ	2	VPP_F639822CBB882D92AB85CB29	3	2650	1	TCKTVTJ!29	false
TCKTVTJ	2	VPP_E33C3FD2E20FAFA535A1C606	3	5200	1	TCKTVTJ!30	false
TCKTVTJ	2	VPP_E1359D67A50137B334D8A684	100	1800	1	TCKTVTJ!25	false
TCKTVTJ	2	VPP_980FA2A1AAA8AF7B40E21F73	20	30100	1	TCKTVTJ!28	false
TCKTVTJ	2	VPP_FD0A3ACBE9242E19D6FF0C21	2	44100	1	TCKTVTJ!27	false
TCKTVTJ	2	VPP_C61F3271D5EA2C67481FB4DA	10	3900	1	TCKTVTJ!38	false
TCKTVTJ	2	VPP_B4DF94CB1BA5A4DC0529CEEF	2	3250	1	TCKTVTJ!26	false
TCKTVTJ	2	VPP_A1843168E69B4D667321E60B	3	3200	1	TCKTVTJ!36	false
TCKTVTJ	2	VPP_9C3F67284F34AB3F87B61AE3	25	62500	1	TCKTVTJ!24	false
TCKTVTJ	2	VPP_044B605501D64160EAF866DC	2	23500	1	TCKTVTJ!39	false
TCKTVTJ	2	VPP_07B6EFD202371277FDA7FF55	3	4200	1	TCKTVTJ!32	false
TCKTVTJ	2	VPP_A3D298B7B7EE9BA868E74462	3	5800	1	TCKTVTJ!33	false
TCKTVTJ	2	VPP_BBBB58908D7F0D6E6F33AEF4	3	8400	1	TCKTVTJ!35	false
TCKTVTJ	2	VPP_29D7F7162C43C555EB080572	3	13300	1	TCKTVTJ!34	false
TCKTVTJ	2	VPP_F6550946F385CE5FCD057EE6	3	3150	1	TCKTVTJ!31	false
TCKTVTJ	2	VPP_2C6E897B5BE81115539F72A5	1	82000	1	TCKTVTJ!37	false
TCKTVTJ	3	VPP_084AC8B1E31EB7C36524411F	1	31500	1	TCKTVTJ!62	false
TCKTVTJ	3	VPP_F639822CBB882D92AB85CB29	3	2650	1	TCKTVTJ!48	false
TCKTVTJ	3	VPP_E33C3FD2E20FAFA535A1C606	3	5200	1	TCKTVTJ!49	false
TCKTVTJ	3	VPP_F619979572276FB062A5B165	3	6000	1	TCKTVTJ!59	false
TCKTVTJ	3	VPP_F61B54D2E6C19B80A008F848	3	19900	1	TCKTVTJ!60	false
TCKTVTJ	3	VPP_E1359D67A50137B334D8A684	100	1800	1	TCKTVTJ!42	false
TCKTVTJ	3	VPP_63DB06C4AFC579D2541D75D1	10	10200	1	TCKTVTJ!58	false
TCKTVTJ	3	VPP_980FA2A1AAA8AF7B40E21F73	5	30100	1	TCKTVTJ!47	false
TCKTVTJ	3	VPP_FD0A3ACBE9242E19D6FF0C21	2	44100	1	TCKTVTJ!46	false
TCKTVTJ	3	VPP_DED50ACDCD723F5C78B696EF	2	3250	1	TCKTVTJ!44	false
TCKTVTJ	3	VPP_B4DF94CB1BA5A4DC0529CEEF	10	3250	1	TCKTVTJ!43	false
TCKTVTJ	3	VPP_A1843168E69B4D667321E60B	5	3200	1	TCKTVTJ!55	false
TCKTVTJ	3	VPP_E18F602781ED69156EA49BFA	1	18300	1	TCKTVTJ!45	false
TCKTVTJ	3	VPP_9C3F67284F34AB3F87B61AE3	20	62500	1	TCKTVTJ!41	false
TCKTVTJ	3	VPP_044B605501D64160EAF866DC	3	23500	1	TCKTVTJ!57	false
TCKTVTJ	3	VPP_C93139806E5E6FA7B6108E20	2	15200	1	TCKTVTJ!61	false
TCKTVTJ	3	VPP_07B6EFD202371277FDA7FF55	3	4200	1	TCKTVTJ!51	false
TCKTVTJ	3	VPP_A3D298B7B7EE9BA868E74462	3	5800	1	TCKTVTJ!52	false
TCKTVTJ	3	VPP_BBBB58908D7F0D6E6F33AEF4	3	8400	1	TCKTVTJ!54	false
TCKTVTJ	3	VPP_29D7F7162C43C555EB080572	3	13300	1	TCKTVTJ!53	false
TCKTVTJ	3	VPP_F6550946F385CE5FCD057EE6	3	3150	1	TCKTVTJ!50	false
TCKTVTJ	3	VPP_2C6E897B5BE81115539F72A5	1	82000	1	TCKTVTJ!56	false
THEUMAU	1	VPP_63DB06C4AFC579D2541D75D1	30	10200	1	TheuMau!7	false
THEUMAU	1	VPP_083E862BFE14BEC171B5C9BC	10	7900	1	TheuMau!6	false
THEUMAU	1	VPP_C9688B03D19FBF90A74484B3	1	126000	1	TheuMau!8	false
THEUMAU	1	VPP_00F146CF554F30BB71CF8BA9	3	55000	1	TheuMau!9	false
THEUMAU	1	VPP_B7BCF0A186AB015B1DC2F02A	10	12800	1	TheuMau!10	false
THEUMAU	2	VPP_F61B54D2E6C19B80A008F848	20	19900	1	TheuMau!15	false
THEUMAU	2	VPP_D3D6184575331F724008F1C0	10	3250	1	TheuMau!11	false
THEUMAU	2	VPP_4992936A17ADEB7C8C8958DC	12	4500	1	TheuMau!20	false
THEUMAU	2	VPP_49AA7AE1836D77EE843859B8	2	16200	1	TheuMau!21	false
THEUMAU	2	VPP_00F146CF554F30BB71CF8BA9	3	55000	1	TheuMau!12	false
THEUMAU	2	VPP_B7BCF0A186AB015B1DC2F02A	6	12800	1	TheuMau!13	false
THEUMAU	2	VPP_636B3754AADA6A45ED850591	1	12700	1	TheuMau!18	false
THEUMAU	2	VPP_B227921013D15697216EA500	1	12500	1	TheuMau!14	false
THEUMAU	2	VPP_C39942011CEDB9FB35E04388	1	48500	1	TheuMau!19	false
THEUMAU	2	VPP_596B48C6DAA990732B950276	2	36500	1	TheuMau!16	false
THEUMAU	2	VPP_334696A10FF96A05500F0969	2	18500	1	TheuMau!17	false
TQM	3	VPP_E33C3FD2E20FAFA535A1C606	1	5200	1	TQM!10	false
TQM	3	VPP_5E42A1F973691A7F95EF48B1	2	6100	1	TQM!7	false
TQM	3	VPP_9C3F67284F34AB3F87B61AE3	10	62500	1	TQM!5	false
TQM	3	VPP_7D250C1FBE3103C38C58497E	1	4400	1	TQM!9	false
TQM	3	VPP_F6550946F385CE5FCD057EE6	1	3150	1	TQM!6	false
TQM	3	VPP_0105FAE39D6FA6FC74661BAB	1	3200	1	TQM!8	false
TTHTLINHTRUNG	1	VPP_34D45B1E089677D5314D8405	2	115000	2	TTHTLinhTrung!11;TTHTLinhTrung!40	false
TTHTLINHTRUNG	1	VPP_3CCB77F4FA45DE6C8FC85518	24	18700	2	TTHTLinhTrung!18;TTHTLinhTrung!47	false
TTHTLINHTRUNG	1	VPP_588109EB33F556EB7CD7039F	4	28400	2	TTHTLinhTrung!26;TTHTLinhTrung!55	false
TTHTLINHTRUNG	1	VPP_FD0A3ACBE9242E19D6FF0C21	2	44100	2	TTHTLinhTrung!13;TTHTLinhTrung!42	false
TTHTLINHTRUNG	1	VPP_C61F3271D5EA2C67481FB4DA	10	3900	2	TTHTLinhTrung!12;TTHTLinhTrung!41	false
TTHTLINHTRUNG	1	VPP_6A721030CDE5BD1BCD7B271F	40	3250	2	TTHTLinhTrung!32;TTHTLinhTrung!61	false
TTHTLINHTRUNG	1	VPP_B4DF94CB1BA5A4DC0529CEEF	40	3250	2	TTHTLinhTrung!31;TTHTLinhTrung!60	false
TTHTLINHTRUNG	1	VPP_2E8036912C0C118193AE0FB3	40	2900	2	TTHTLinhTrung!34;TTHTLinhTrung!63	false
TTHTLINHTRUNG	1	VPP_1CAD0182C33B0C201E0E7789	4	6100	2	TTHTLinhTrung!33;TTHTLinhTrung!62	false
TTHTLINHTRUNG	1	VPP_F1F10A0AA7C0162BC5C93F8F	10	2950	2	TTHTLinhTrung!28;TTHTLinhTrung!57	false
TTHTLINHTRUNG	1	VPP_BF074043071874632B0F425A	20	7900	2	TTHTLinhTrung!16;TTHTLinhTrung!45	false
TTHTLINHTRUNG	1	VPP_00B9F8BD0D8D02D86617954B	60	8200	2	TTHTLinhTrung!15;TTHTLinhTrung!44	false
TTHTLINHTRUNG	1	VPP_47C162C20BA3F03DF160D568	8	19500	2	TTHTLinhTrung!14;TTHTLinhTrung!43	false
TTHTLINHTRUNG	1	VPP_245486DA962A9877944D297F	6	29000	2	TTHTLinhTrung!25;TTHTLinhTrung!54	false
TTHTLINHTRUNG	1	VPP_00F146CF554F30BB71CF8BA9	62	55000	2	TTHTLinhTrung!6;TTHTLinhTrung!35	false
TTHTLINHTRUNG	1	VPP_5ED136018C5600AD92077AFB	4	68500	2	TTHTLinhTrung!9;TTHTLinhTrung!38	false
TTHTLINHTRUNG	1	VPP_A7AC160220ACB3E74A217744	2	63000	2	TTHTLinhTrung!7;TTHTLinhTrung!36	false
TTHTLINHTRUNG	1	VPP_FF8E5EF27DD946B1DD2ABEEF	2	63000	2	TTHTLinhTrung!8;TTHTLinhTrung!37	false
TTHTLINHTRUNG	1	VPP_77F5809AB7E30DDEF4E96795	8	15000	2	TTHTLinhTrung!17;TTHTLinhTrung!46	false
TTHTLINHTRUNG	1	VPP_3367C3E5D2D4BE9214273249	2	35200	2	TTHTLinhTrung!30;TTHTLinhTrung!59	false
TTHTLINHTRUNG	1	VPP_C197107312001303740D4B7A	8	33100	2	TTHTLinhTrung!20;TTHTLinhTrung!49	false
TTHTLINHTRUNG	1	VPP_BB71DB462583AD2E07C68C2E	2	298000	2	TTHTLinhTrung!21;TTHTLinhTrung!50	false
TTHTLINHTRUNG	1	VPP_636DCE6D4BE34B8A415894E4	8	42500	2	TTHTLinhTrung!19;TTHTLinhTrung!48	false
TTHTLINHTRUNG	1	VPP_34A0F6C9589A524AFD58C9FE	10	29000	2	TTHTLinhTrung!23;TTHTLinhTrung!52	false
TTHTLINHTRUNG	1	VPP_BBBD4DC7AA5B255AB4BD7D51	40	2920	2	TTHTLinhTrung!27;TTHTLinhTrung!56	false
TTHTLINHTRUNG	1	VPP_BBEE7E7EBBA7BF0008F36232	6	58000	2	TTHTLinhTrung!24;TTHTLinhTrung!53	false
TTHTLINHTRUNG	1	VPP_43F6696D3B8A63C2D48C26B7	3	5200	1	TTHTLinhTrung!39	false
TTHTLINHTRUNG	1	VPP_3B454C60EC704AE741E1DA37	3	4900	1	TTHTLinhTrung!10	false
TTHTLINHTRUNG	1	VPP_08962588E0B8BD56C4AC5EA7	8	13500	2	TTHTLinhTrung!22;TTHTLinhTrung!51	false
TTHTLINHTRUNG	1	VPP_C1B702BB073DF7550DC827E3	4	39500	2	TTHTLinhTrung!29;TTHTLinhTrung!58	false
TTHTLINHTRUNG	2	VPP_3CCB77F4FA45DE6C8FC85518	12	18700	1	TTHTLinhTrung!75	false
TTHTLINHTRUNG	2	VPP_588109EB33F556EB7CD7039F	1	28400	1	TTHTLinhTrung!79	false
TTHTLINHTRUNG	2	VPP_29D349D7C0F342CBBDF55ABE	1	68000	1	TTHTLinhTrung!74	false
TTHTLINHTRUNG	2	VPP_526D19FC29266148DCE0D2DA	10	5000	1	TTHTLinhTrung!85	false
TTHTLINHTRUNG	2	VPP_980FA2A1AAA8AF7B40E21F73	1	30100	1	TTHTLinhTrung!80	false
TTHTLINHTRUNG	2	VPP_FD0A3ACBE9242E19D6FF0C21	1	44100	1	TTHTLinhTrung!81	false
TTHTLINHTRUNG	2	VPP_C61F3271D5EA2C67481FB4DA	5	3900	1	TTHTLinhTrung!82	false
TTHTLINHTRUNG	2	VPP_C149410B2F3D29D421B8AEEC	12	8200	1	TTHTLinhTrung!72	false
TTHTLINHTRUNG	2	VPP_B4DF94CB1BA5A4DC0529CEEF	40	3250	1	TTHTLinhTrung!68	false
TTHTLINHTRUNG	2	VPP_2E8036912C0C118193AE0FB3	10	2900	1	TTHTLinhTrung!71	false
TTHTLINHTRUNG	2	VPP_F1F10A0AA7C0162BC5C93F8F	5	2950	1	TTHTLinhTrung!70	false
TTHTLINHTRUNG	2	VPP_00B9F8BD0D8D02D86617954B	20	8200	1	TTHTLinhTrung!69	false
TTHTLINHTRUNG	2	VPP_981A8C008B9AA237A3BD384A	1	55200	1	TTHTLinhTrung!83	false
TTHTLINHTRUNG	2	VPP_00F146CF554F30BB71CF8BA9	20	55000	1	TTHTLinhTrung!64	false
TTHTLINHTRUNG	2	VPP_5ED136018C5600AD92077AFB	1	68500	1	TTHTLinhTrung!65	false
TTHTLINHTRUNG	2	VPP_044B605501D64160EAF866DC	10	23500	1	TTHTLinhTrung!86	false
TTHTLINHTRUNG	2	VPP_1675C18F9C2381128298E62B	1	29900	1	TTHTLinhTrung!78	false
TTHTLINHTRUNG	2	VPP_C197107312001303740D4B7A	5	33100	1	TTHTLinhTrung!77	false
TTHTLINHTRUNG	2	VPP_BB71DB462583AD2E07C68C2E	1	298000	1	TTHTLinhTrung!76	false
TTHTLINHTRUNG	2	VPP_7000A73AB8C5E3B10FCA9F62	5	29000	1	TTHTLinhTrung!67	false
TTHTLINHTRUNG	2	VPP_34A0F6C9589A524AFD58C9FE	10	29000	1	TTHTLinhTrung!66	false
TTHTLINHTRUNG	2	VPP_BBEE7E7EBBA7BF0008F36232	2	58000	1	TTHTLinhTrung!73	false
TTHTLINHTRUNG	2	VPP_C1B702BB073DF7550DC827E3	3	39500	1	TTHTLinhTrung!84	false
TTHTLINHTRUNG	2	VPP_520C20FE8281CB6D04C78047	2	65700	1	TTHTLinhTrung!87	false
TTHTLINHTRUNG	3	VPP_ED8E910073B958A0F403AA47	50	1900	1	TTHTLinhTrung!113	false
TTHTLINHTRUNG	3	VPP_3CCB77F4FA45DE6C8FC85518	12	18700	1	TTHTLinhTrung!97	false
TTHTLINHTRUNG	3	VPP_E1359D67A50137B334D8A684	10	1800	1	TTHTLinhTrung!123	false
TTHTLINHTRUNG	3	VPP_980FA2A1AAA8AF7B40E21F73	2	30100	1	TTHTLinhTrung!107	false
TTHTLINHTRUNG	3	VPP_FD0A3ACBE9242E19D6FF0C21	1	44100	1	TTHTLinhTrung!108	false
TTHTLINHTRUNG	3	VPP_C61F3271D5EA2C67481FB4DA	5	3900	1	TTHTLinhTrung!109	false
TTHTLINHTRUNG	3	VPP_B4DF94CB1BA5A4DC0529CEEF	40	3250	1	TTHTLinhTrung!91	false
TTHTLINHTRUNG	3	VPP_2E8036912C0C118193AE0FB3	12	2900	1	TTHTLinhTrung!94	false
TTHTLINHTRUNG	3	VPP_F1F10A0AA7C0162BC5C93F8F	5	2950	1	TTHTLinhTrung!92	false
TTHTLINHTRUNG	3	VPP_84E5A61FF505F7CE45F1C840	10	6600	1	TTHTLinhTrung!121	false
TTHTLINHTRUNG	3	VPP_BF074043071874632B0F425A	10	7900	1	TTHTLinhTrung!122	false
TTHTLINHTRUNG	3	VPP_00B9F8BD0D8D02D86617954B	40	8200	1	TTHTLinhTrung!93	false
TTHTLINHTRUNG	3	VPP_47C162C20BA3F03DF160D568	3	19500	1	TTHTLinhTrung!118	false
TTHTLINHTRUNG	3	VPP_E18F602781ED69156EA49BFA	2	18300	1	TTHTLinhTrung!119	false
TTHTLINHTRUNG	3	VPP_245486DA962A9877944D297F	4	29000	1	TTHTLinhTrung!106	false
TTHTLINHTRUNG	3	VPP_16C225AD7EF7C255DD6CE9A9	2	22500	1	TTHTLinhTrung!120	false
TTHTLINHTRUNG	3	VPP_A714F5572634A2AAF704A951	10	3400	1	TTHTLinhTrung!104	false
TTHTLINHTRUNG	3	VPP_F38B9A4E64ED23868E1E8E38	1	31000	1	TTHTLinhTrung!110	false
TTHTLINHTRUNG	3	VPP_E6850E34B7F644A850302C0A	50	2850	1	TTHTLinhTrung!112	false
TTHTLINHTRUNG	3	VPP_00F146CF554F30BB71CF8BA9	20	55000	1	TTHTLinhTrung!88	false
TTHTLINHTRUNG	3	VPP_5ED136018C5600AD92077AFB	1	68500	1	TTHTLinhTrung!89	false
TTHTLINHTRUNG	3	VPP_044B605501D64160EAF866DC	5	23500	1	TTHTLinhTrung!103	false
TTHTLINHTRUNG	3	VPP_7D250C1FBE3103C38C58497E	2	4400	1	TTHTLinhTrung!114	false
TTHTLINHTRUNG	3	VPP_9709D0EEAA21CBCB08541B2F	5	4500	1	TTHTLinhTrung!101	false
TTHTLINHTRUNG	3	VPP_C1D34AB5F87F89A871AC54FA	1	45000	1	TTHTLinhTrung!117	false
TTHTLINHTRUNG	3	VPP_C93139806E5E6FA7B6108E20	1	15200	1	TTHTLinhTrung!116	false
TTHTLINHTRUNG	3	VPP_EF5AD19BF34DF19A58F9CDF1	2	15000	1	TTHTLinhTrung!115	false
TTHTLINHTRUNG	3	VPP_B97016D5C63AE43B47541BE6	1	9100	1	TTHTLinhTrung!111	false
TTHTLINHTRUNG	3	VPP_77F5809AB7E30DDEF4E96795	10	15000	1	TTHTLinhTrung!100	false
TTHTLINHTRUNG	3	VPP_1675C18F9C2381128298E62B	1	29900	1	TTHTLinhTrung!102	false
TTHTLINHTRUNG	3	VPP_C197107312001303740D4B7A	4	33100	1	TTHTLinhTrung!99	false
TTHTLINHTRUNG	3	VPP_636DCE6D4BE34B8A415894E4	4	42500	1	TTHTLinhTrung!95	false
TTHTLINHTRUNG	3	VPP_34A0F6C9589A524AFD58C9FE	10	29000	1	TTHTLinhTrung!90	false
TTHTLINHTRUNG	3	VPP_BBEE7E7EBBA7BF0008F36232	3	58000	1	TTHTLinhTrung!96	false
TTHTLINHTRUNG	3	VPP_C1B702BB073DF7550DC827E3	2	39500	1	TTHTLinhTrung!98	false
TTHTLINHTRUNG	3	VPP_33C550ECB420BB86D7979B2B	2	44200	1	TTHTLinhTrung!105	false
XNK	1	VPP_084AC8B1E31EB7C36524411F	1	31500	1	XNK!20	false
XNK	1	VPP_E33C3FD2E20FAFA535A1C606	1	5200	1	XNK!14	false
XNK	1	VPP_2D5F01DA9DD63C4779AE3A74	3	15600	1	XNK!9	false
XNK	1	VPP_C1285C2AC013DD1B1C48AF94	2	18700	1	XNK!25	false
XNK	1	VPP_9743CEC7C70351023EE934C7	6	18700	1	XNK!12	false
XNK	1	VPP_BBBCA4276156A7826127FF70	20	520	1	XNK!13	false
XNK	1	VPP_980FA2A1AAA8AF7B40E21F73	10	30100	1	XNK!24	false
XNK	1	VPP_FD0A3ACBE9242E19D6FF0C21	3	44100	1	XNK!11	false
XNK	1	VPP_DED50ACDCD723F5C78B696EF	5	3250	1	XNK!21	false
XNK	1	VPP_B4DF94CB1BA5A4DC0529CEEF	20	3250	1	XNK!7	false
XNK	1	VPP_9C3F67284F34AB3F87B61AE3	65	62500	1	XNK!6	false
XNK	1	VPP_038676809671414D098944C9	1	43500	1	XNK!15	false
XNK	1	VPP_FEB5EB6F2EC92B39A6E56332	1	12500	1	XNK!16	false
XNK	1	VPP_8907E31DC17126301A48F565	1	6800	1	XNK!10	false
XNK	1	VPP_C93139806E5E6FA7B6108E20	1	15200	1	XNK!8	false
XNK	1	VPP_07B6EFD202371277FDA7FF55	20	4200	1	XNK!18	false
XNK	1	VPP_BBBB58908D7F0D6E6F33AEF4	5	8400	1	XNK!19	false
XNK	1	VPP_12C6C299C8B52F6DA4535E0D	20	3550	1	XNK!23	false
XNK	1	VPP_4FA5218353791647D8532A7A	1	12500	1	XNK!17	false
XNK	1	VPP_B50F2B25582F9B4C295B4D88	1	29500	1	XNK!22	false
XNK	2	VPP_084AC8B1E31EB7C36524411F	2	31500	1	XNK!38	false
XNK	2	VPP_2D5F01DA9DD63C4779AE3A74	7	15600	1	XNK!27	false
XNK	2	VPP_9743CEC7C70351023EE934C7	3	18700	1	XNK!33	false
XNK	2	VPP_4625CC216E438C7448B246D4	10	1950	1	XNK!30	false
XNK	2	VPP_FD0A3ACBE9242E19D6FF0C21	3	44100	1	XNK!29	false
XNK	2	VPP_C61F3271D5EA2C67481FB4DA	10	3900	1	XNK!31	false
XNK	2	VPP_132A2BBE1F4260CA2EAB57C3	2	5200	1	XNK!39	false
XNK	2	VPP_0810C4338C72B0128750035E	2	11700	1	XNK!36	false
XNK	2	VPP_5E42A1F973691A7F95EF48B1	1	6100	1	XNK!42	false
XNK	2	VPP_84E5A61FF505F7CE45F1C840	1	6600	1	XNK!35	false
XNK	2	VPP_6ABCFFC7F9E022F298DE58BF	1	62000	1	XNK!28	false
XNK	2	VPP_F617FABCB891014B2AD52518	1	9500	1	XNK!45	false
XNK	2	VPP_9C3F67284F34AB3F87B61AE3	65	62500	1	XNK!26	false
XNK	2	VPP_7B5DEC16E35EA0BA0606EF7F	5	8900	1	XNK!40	false
XNK	2	VPP_7D250C1FBE3103C38C58497E	1	4400	1	XNK!43	false
XNK	2	VPP_8907E31DC17126301A48F565	1	6800	1	XNK!44	false
XNK	2	VPP_C93139806E5E6FA7B6108E20	1	15200	1	XNK!37	false
XNK	2	VPP_29D7F7162C43C555EB080572	5	13300	1	XNK!47	false
XNK	2	VPP_90CE874CF16BD7DF5853C724	5	27500	1	XNK!34	false
XNK	2	VPP_F6550946F385CE5FCD057EE6	10	3150	1	XNK!32	false
XNK	2	VPP_CB0ABB8B0ED4AF899AFDFDB1	1	12000	1	XNK!41	false
XNK	2	VPP_568D697270F69640A71B5ACE	1	48500	1	XNK!46	false
XNK	3	VPP_2D5F01DA9DD63C4779AE3A74	2	15600	1	XNK!50	false
XNK	3	VPP_FA6E27AF1296E3EE49CE969C	2	2600	1	XNK!54	false
XNK	3	VPP_9743CEC7C70351023EE934C7	3	18700	1	XNK!58	false
XNK	3	VPP_FD0A3ACBE9242E19D6FF0C21	3	44100	1	XNK!49	false
XNK	3	VPP_653AD43BB4A6338E70F9F0A3	2	11500	1	XNK!52	false
XNK	3	VPP_BABCBD60B3E6739439A79348	1	11000	1	XNK!59	false
XNK	3	VPP_9C3F67284F34AB3F87B61AE3	65	62500	1	XNK!48	false
XNK	3	VPP_B345DC72BD6A87306ED6EF11	3	6200	1	XNK!56	false
XNK	3	VPP_C1D34AB5F87F89A871AC54FA	1	45000	1	XNK!57	false
XNK	3	VPP_12C6C299C8B52F6DA4535E0D	10	3550	1	XNK!51	false
XNK	3	VPP_49B85DC7CA1938D1BEE9C2FF	2	14500	1	XNK!55	false
XNK	3	VPP_0105FAE39D6FA6FC74661BAB	1	3200	1	XNK!53	false
XUONGMAYMAU	1	VPP_07382AD2CA678568F61E68DD	2	42100	1	MayMauHCM!41	false
XUONGMAYMAU	1	VPP_F619979572276FB062A5B165	140	6000	1	MayMauHCM!14	false
XUONGMAYMAU	1	VPP_AC7C38A7F3DD7588B2E65F73	29	7800	1	MayMauHCM!17	false
XUONGMAYMAU	1	VPP_2D5F01DA9DD63C4779AE3A74	7	15600	1	MayMauHCM!16	false
XUONGMAYMAU	1	VPP_FA6E27AF1296E3EE49CE969C	10	2600	1	MayMauHCM!18	false
XUONGMAYMAU	1	VPP_04711541D044B314488B2993	13	14100	1	MayMauHCM!15	false
XUONGMAYMAU	1	VPP_F422D1BC1ACB3FD008FB431F	50	1100	1	MayMauHCM!49	false
XUONGMAYMAU	1	VPP_D292D25A56890E98D0D02ABF	50	1100	1	MayMauHCM!48	false
XUONGMAYMAU	1	VPP_536B016CF5503C41A3205D37	5	47000	1	MayMauHCM!19	false
XUONGMAYMAU	1	VPP_FED83FE7DF0C4F10EE62CD09	5	47000	1	MayMauHCM!20	false
XUONGMAYMAU	1	VPP_9E8946F2D6E8FFE6CBFE3D6C	3	47000	1	MayMauHCM!21	false
XUONGMAYMAU	1	VPP_3CCB77F4FA45DE6C8FC85518	5	18700	1	MayMauHCM!26	false
XUONGMAYMAU	1	VPP_C1285C2AC013DD1B1C48AF94	5	18700	1	MayMauHCM!28	false
XUONGMAYMAU	1	VPP_9743CEC7C70351023EE934C7	7	18700	1	MayMauHCM!27	false
XUONGMAYMAU	1	VPP_588109EB33F556EB7CD7039F	3	28400	1	MayMauHCM!36	false
XUONGMAYMAU	1	VPP_FB1E1BFF9D357F27BC372E36	3	68000	1	MayMauHCM!38	false
XUONGMAYMAU	1	VPP_B4DF94CB1BA5A4DC0529CEEF	130	3250	1	MayMauHCM!6	false
XUONGMAYMAU	1	VPP_2E8036912C0C118193AE0FB3	13	2900	1	MayMauHCM!7	false
XUONGMAYMAU	1	VPP_1CAD0182C33B0C201E0E7789	15	6100	1	MayMauHCM!12	false
XUONGMAYMAU	1	VPP_1FA67E442AD5264E224ABC21	12	2950	1	MayMauHCM!13	false
XUONGMAYMAU	1	VPP_BF074043071874632B0F425A	10	7900	1	MayMauHCM!9	false
XUONGMAYMAU	1	VPP_5177513D677876CCBF44A9FF	11	7900	1	MayMauHCM!10	false
XUONGMAYMAU	1	VPP_083E862BFE14BEC171B5C9BC	13	7900	1	MayMauHCM!8	false
XUONGMAYMAU	1	VPP_0C8815EFBEF04F6F413674EF	5	8200	1	MayMauHCM!11	false
XUONGMAYMAU	1	VPP_1D099F9DD1F9C33274DBA2C8	6	18500	1	MayMauHCM!31	false
XUONGMAYMAU	1	VPP_6F683CBE5BC2FDCC86A7D56C	4	30500	1	MayMauHCM!30	false
XUONGMAYMAU	1	VPP_D461FD4A0E115F99D757287D	6	20400	1	MayMauHCM!32	false
XUONGMAYMAU	1	VPP_67BBAC6D609D9FCA6E3A18C5	5	4500	1	MayMauHCM!37	false
XUONGMAYMAU	1	VPP_9512CBA84D4E8BBBC1D68B1A	2	70000	1	MayMauHCM!39	false
XUONGMAYMAU	1	VPP_E6850E34B7F644A850302C0A	50	2850	1	MayMauHCM!47	false
XUONGMAYMAU	1	VPP_1B7F628BAEDEADF10C3FFABB	2	22000	1	MayMauHCM!50	false
XUONGMAYMAU	1	VPP_6A5D47BB91281275D6D59983	4	15000	1	MayMauHCM!43	false
XUONGMAYMAU	1	VPP_1675C18F9C2381128298E62B	7	29900	1	MayMauHCM!24	false
XUONGMAYMAU	1	VPP_DFCC3AE89E86E9177F2FB72F	2	27200	1	MayMauHCM!22	false
XUONGMAYMAU	1	VPP_FD34E17790FDEEA9205B15DF	7	27500	1	MayMauHCM!23	false
XUONGMAYMAU	1	VPP_34A0F6C9589A524AFD58C9FE	5	29000	1	MayMauHCM!34	false
XUONGMAYMAU	1	VPP_7B4A0E6FC98C2073AEA1AE8B	2	145000	1	MayMauHCM!45	false
XUONGMAYMAU	1	VPP_98D89B8E220D2157F1F181DE	10	32000	1	MayMauHCM!46	false
XUONGMAYMAU	1	VPP_068B31858751F8E6C78D1E76	1	390000	1	MayMauHCM!51	false
XUONGMAYMAU	1	VPP_DDE80D716634560453AE7186	2	80000	1	MayMauHCM!52	false
XUONGMAYMAU	1	VPP_568D697270F69640A71B5ACE	1	48500	1	MayMauHCM!40	false
XUONGMAYMAU	1	VPP_BCABC627AFF574F1E01D1650	5	155000	1	MayMauHCM!44	false
XUONGMAYMAU	1	VPP_596B48C6DAA990732B950276	26	36500	1	MayMauHCM!35	false
XUONGMAYMAU	1	VPP_334696A10FF96A05500F0969	10	18500	1	MayMauHCM!42	false
XUONGMAYMAU	1	VPP_08962588E0B8BD56C4AC5EA7	15	13500	1	MayMauHCM!25	false
XUONGMAYMAU	1	VPP_D0F5AC7A3718B4BF1F4D7DD3	1	27200	1	MayMauHCM!33	false
XUONGMAYMAU	1	VPP_4AE8D6BC8A0D624966E63722	6	59200	1	MayMauHCM!29	false
XUONGMAYMAU	2	VPP_340BFF6E0D3B4675D74EE392	2	57900	1	MayMauHCM!82	false
XUONGMAYMAU	2	VPP_F619979572276FB062A5B165	117	6000	1	MayMauHCM!60	false
XUONGMAYMAU	2	VPP_AC7C38A7F3DD7588B2E65F73	17	7800	1	MayMauHCM!63	false
XUONGMAYMAU	2	VPP_2D5F01DA9DD63C4779AE3A74	7	15600	1	MayMauHCM!62	false
XUONGMAYMAU	2	VPP_04711541D044B314488B2993	21	14100	1	MayMauHCM!61	false
XUONGMAYMAU	2	VPP_536B016CF5503C41A3205D37	5	47000	1	MayMauHCM!64	false
XUONGMAYMAU	2	VPP_FED83FE7DF0C4F10EE62CD09	5	47000	1	MayMauHCM!65	false
XUONGMAYMAU	2	VPP_9E8946F2D6E8FFE6CBFE3D6C	3	47000	1	MayMauHCM!66	false
XUONGMAYMAU	2	VPP_9743CEC7C70351023EE934C7	2	18700	1	MayMauHCM!69	false
XUONGMAYMAU	2	VPP_588109EB33F556EB7CD7039F	2	28400	1	MayMauHCM!76	false
XUONGMAYMAU	2	VPP_FB1E1BFF9D357F27BC372E36	2	68000	1	MayMauHCM!78	false
XUONGMAYMAU	2	VPP_B4DF94CB1BA5A4DC0529CEEF	91	3250	1	MayMauHCM!53	false
XUONGMAYMAU	2	VPP_2E8036912C0C118193AE0FB3	11	2900	1	MayMauHCM!54	false
XUONGMAYMAU	2	VPP_1CAD0182C33B0C201E0E7789	9	6100	1	MayMauHCM!58	false
XUONGMAYMAU	2	VPP_1FA67E442AD5264E224ABC21	12	2950	1	MayMauHCM!59	false
XUONGMAYMAU	2	VPP_BF074043071874632B0F425A	10	7900	1	MayMauHCM!56	false
XUONGMAYMAU	2	VPP_5177513D677876CCBF44A9FF	10	7900	1	MayMauHCM!57	false
XUONGMAYMAU	2	VPP_083E862BFE14BEC171B5C9BC	10	7900	1	MayMauHCM!55	false
XUONGMAYMAU	2	VPP_47C162C20BA3F03DF160D568	7	19500	1	MayMauHCM!88	false
XUONGMAYMAU	2	VPP_6F683CBE5BC2FDCC86A7D56C	6	30500	1	MayMauHCM!71	false
XUONGMAYMAU	2	VPP_D461FD4A0E115F99D757287D	2	20400	1	MayMauHCM!72	false
XUONGMAYMAU	2	VPP_B76840E36D827C6ABCCAAF7D	1	75000	1	MayMauHCM!80	false
XUONGMAYMAU	2	VPP_9512CBA84D4E8BBBC1D68B1A	2	70000	1	MayMauHCM!79	false
XUONGMAYMAU	2	VPP_00F146CF554F30BB71CF8BA9	8	55000	1	MayMauHCM!87	false
XUONGMAYMAU	2	VPP_9709D0EEAA21CBCB08541B2F	10	4500	1	MayMauHCM!85	false
XUONGMAYMAU	2	VPP_C93139806E5E6FA7B6108E20	1	15200	1	MayMauHCM!73	false
XUONGMAYMAU	2	VPP_1B7F628BAEDEADF10C3FFABB	15	22000	1	MayMauHCM!90	false
XUONGMAYMAU	2	VPP_2777BC38E63E5DC3B9413621	2	4900	1	MayMauHCM!77	false
XUONGMAYMAU	2	VPP_6A5D47BB91281275D6D59983	4	15000	1	MayMauHCM!84	false
XUONGMAYMAU	2	VPP_1675C18F9C2381128298E62B	2	29900	1	MayMauHCM!68	false
XUONGMAYMAU	2	VPP_FD34E17790FDEEA9205B15DF	3	27500	1	MayMauHCM!67	false
XUONGMAYMAU	2	VPP_34A0F6C9589A524AFD58C9FE	5	29000	1	MayMauHCM!74	false
XUONGMAYMAU	2	VPP_98D89B8E220D2157F1F181DE	15	32000	1	MayMauHCM!86	false
XUONGMAYMAU	2	VPP_B227921013D15697216EA500	2	12500	1	MayMauHCM!89	false
XUONGMAYMAU	2	VPP_568D697270F69640A71B5ACE	1	48500	1	MayMauHCM!81	false
XUONGMAYMAU	2	VPP_596B48C6DAA990732B950276	10	36500	1	MayMauHCM!75	false
XUONGMAYMAU	2	VPP_334696A10FF96A05500F0969	10	18500	1	MayMauHCM!83	false
XUONGMAYMAU	2	VPP_A5EB7848A5F352DDBEFE22E8	1	450000	1	MayMauHCM!91	false
XUONGMAYMAU	2	VPP_4AE8D6BC8A0D624966E63722	2	59200	1	MayMauHCM!70	false
XUONGMAYMAU	3	VPP_084AC8B1E31EB7C36524411F	2	31500	1	MayMauHCM!123	false
XUONGMAYMAU	3	VPP_F619979572276FB062A5B165	130	6000	1	MayMauHCM!99	false
XUONGMAYMAU	3	VPP_AC7C38A7F3DD7588B2E65F73	5	7800	1	MayMauHCM!102	false
XUONGMAYMAU	3	VPP_2D5F01DA9DD63C4779AE3A74	5	15600	1	MayMauHCM!101	false
XUONGMAYMAU	3	VPP_04711541D044B314488B2993	11	14100	1	MayMauHCM!100	false
XUONGMAYMAU	3	VPP_536B016CF5503C41A3205D37	2	47000	1	MayMauHCM!103	false
XUONGMAYMAU	3	VPP_FED83FE7DF0C4F10EE62CD09	2	47000	1	MayMauHCM!104	false
XUONGMAYMAU	3	VPP_C1285C2AC013DD1B1C48AF94	3	18700	1	MayMauHCM!109	false
XUONGMAYMAU	3	VPP_9743CEC7C70351023EE934C7	5	18700	1	MayMauHCM!108	false
XUONGMAYMAU	3	VPP_388F94CD206B9088205D64C3	1	278000	1	MayMauHCM!116	false
XUONGMAYMAU	3	VPP_B4DF94CB1BA5A4DC0529CEEF	92	3250	1	MayMauHCM!92	false
XUONGMAYMAU	3	VPP_2E8036912C0C118193AE0FB3	10	2900	1	MayMauHCM!93	false
XUONGMAYMAU	3	VPP_1CAD0182C33B0C201E0E7789	7	6100	1	MayMauHCM!97	false
XUONGMAYMAU	3	VPP_1FA67E442AD5264E224ABC21	12	2950	1	MayMauHCM!98	false
XUONGMAYMAU	3	VPP_BF074043071874632B0F425A	5	7900	1	MayMauHCM!95	false
XUONGMAYMAU	3	VPP_5177513D677876CCBF44A9FF	6	7900	1	MayMauHCM!96	false
XUONGMAYMAU	3	VPP_083E862BFE14BEC171B5C9BC	8	7900	1	MayMauHCM!94	false
XUONGMAYMAU	3	VPP_6F683CBE5BC2FDCC86A7D56C	5	30500	1	MayMauHCM!111	false
XUONGMAYMAU	3	VPP_D461FD4A0E115F99D757287D	2	20400	1	MayMauHCM!112	false
XUONGMAYMAU	3	VPP_00F146CF554F30BB71CF8BA9	4	55000	1	MayMauHCM!120	false
XUONGMAYMAU	3	VPP_B345DC72BD6A87306ED6EF11	2	6200	1	MayMauHCM!122	false
XUONGMAYMAU	3	VPP_63B2253DBFDF1877BBD2D0FC	10	6500	1	MayMauHCM!115	false
XUONGMAYMAU	3	VPP_1B7F628BAEDEADF10C3FFABB	10	22000	1	MayMauHCM!124	false
XUONGMAYMAU	3	VPP_6A5D47BB91281275D6D59983	4	15000	1	MayMauHCM!118	false
XUONGMAYMAU	3	VPP_1675C18F9C2381128298E62B	3	29900	1	MayMauHCM!107	false
XUONGMAYMAU	3	VPP_DFCC3AE89E86E9177F2FB72F	1	27200	1	MayMauHCM!105	false
XUONGMAYMAU	3	VPP_FD34E17790FDEEA9205B15DF	3	27500	1	MayMauHCM!106	false
XUONGMAYMAU	3	VPP_34A0F6C9589A524AFD58C9FE	5	29000	1	MayMauHCM!114	false
XUONGMAYMAU	3	VPP_B50F2B25582F9B4C295B4D88	5	29500	1	MayMauHCM!117	false
XUONGMAYMAU	3	VPP_98D89B8E220D2157F1F181DE	10	32000	1	MayMauHCM!119	false
XUONGMAYMAU	3	VPP_B227921013D15697216EA500	5	12500	1	MayMauHCM!121	false
XUONGMAYMAU	3	VPP_08962588E0B8BD56C4AC5EA7	5	13500	1	MayMauHCM!113	false
XUONGMAYMAU	3	VPP_4AE8D6BC8A0D624966E63722	2	59200	1	MayMauHCM!110	false
